VehicleType,Country,Year,Percentage
BUS_TOT,AT,2019,10.1
BUS_TOT,BE,2019,10.3
BUS_TOT,BG,2019,13
BUS_TOT,CH,2019,6.1
BUS_TOT,CY,2019,18.5
BUS_TOT,CZ,2019,16.3
BUS_TOT,DE,2019,5.8
BUS_TOT,DK,2019,9.2
BUS_TOT,EE,2019,17.6
BUS_TOT,EL,2019,16
BUS_TOT,ES,2019,8.2
BUS_TOT,EU27_2020,2019,9.2
BUS_TOT,EU28,2019,8.5
BUS_TOT,FI,2019,9.9
BUS_TOT,FR,2019,6.4
BUS_TOT,HR,2019,13.4
BUS_TOT,HU,2019,20.1
BUS_TOT,IE,2019,14.9
BUS_TOT,IS,2019,11.2
BUS_TOT,IT,2019,11.5
BUS_TOT,LT,2019,8.4
BUS_TOT,LU,2019,12.6
BUS_TOT,LV,2019,13.7
BUS_TOT,ME,2019,2.1
BUS_TOT,MK,2019,20.8
BUS_TOT,MT,2019,17.1
BUS_TOT,NL,2019,3.1
BUS_TOT,NO,2019,6.0
BUS_TOT,PL,2019,12
BUS_TOT,PT,2019,7.2
BUS_TOT,RO,2019,16.9
BUS_TOT,RS,2019,24.4
BUS_TOT,SE,2019,7.2
BUS_TOT,SI,2019,11.7
BUS_TOT,SK,2019,16
BUS_TOT,TR,2019,25.7
BUS_TOT,UK,2019,4.0
CAR,AT,2019,77.0
CAR,BE,2019,81.3
CAR,BG,2019,84.7
CAR,CH,2019,73.9
CAR,CY,2019,81.5
CAR,CZ,2019,73.8
CAR,DE,2019,84.8
CAR,DK,2019,82.7
CAR,EE,2019,80.1
CAR,EL,2019,83
CAR,ES,2019,84.6
CAR,EU27_2020,2019,82.8
CAR,EU28,2019,83.4
CAR,FI,2019,83.9
CAR,FR,2019,83.2
CAR,HR,2019,84.2
CAR,HU,2019,71.6
CAR,IE,2019,81.8
CAR,IS,2019,88.8
CAR,IT,2019,82.1
CAR,LT,2019,90.6
CAR,LU,2019,82.6
CAR,LV,2019,82.8
CAR,ME,2019,96.6
CAR,MK,2019,78.6
CAR,MT,2019,82.9
CAR,NL,2019,85.6
CAR,NO,2019,89.1
CAR,PL,2019,80.7
CAR,PT,2019,88.3
CAR,RO,2019,78.9
CAR,RS,2019,74.9
CAR,SE,2019,82.3
CAR,SI,2019,86.6
CAR,SK,2019,73.8
CAR,TR,2019,71
CAR,UK,2019,87.4
TRN,AT,2019,12.9
TRN,BE,2019,8.4
TRN,BG,2019,2.2
TRN,CH,2019,20
TRN,CZ,2019,9.9
TRN,DE,2019,9.4
TRN,DK,2019,8.2
TRN,EE,2019,2.2
TRN,EL,2019,1
TRN,ES,2019,7.1
TRN,EU27_2020,2019,8
TRN,EU28,2019,8.1
TRN,FI,2019,6.2
TRN,FR,2019,10.4
TRN,HR,2019,2.4
TRN,HU,2019,8.3
TRN,IE,2019,3.3
TRN,IT,2019,6.3
TRN,LT,2019,1
TRN,LU,2019,4.8
TRN,LV,2019,3.4
TRN,ME,2019,1.2
TRN,MK,2019,0.6
TRN,NL,2019,11.3
TRN,NO,2019,4.9
TRN,PL,2019,7.3
TRN,PT,2019,4.6
TRN,RO,2019,4.2
TRN,RS,2019,0.7
TRN,SE,2019,10.5
TRN,SI,2019,1.8
TRN,SK,2019,10.2
TRN,TR,2019,3.3
TRN,UK,2019,8.5
TRN_BUS_TOT_AVD,AT,2019,23.0
TRN_BUS_TOT_AVD,BE,2019,18.7
TRN_BUS_TOT_AVD,BG,2019,15.3
TRN_BUS_TOT_AVD,CH,2019,26.1
TRN_BUS_TOT_AVD,CY,2019,18.5
TRN_BUS_TOT_AVD,CZ,2019,26.2
TRN_BUS_TOT_AVD,DE,2019,15.2
TRN_BUS_TOT_AVD,DK,2019,17.3
TRN_BUS_TOT_AVD,EE,2019,19.9
TRN_BUS_TOT_AVD,EL,2019,17
TRN_BUS_TOT_AVD,ES,2019,15.4
TRN_BUS_TOT_AVD,EU27_2020,2019,17.2
TRN_BUS_TOT_AVD,EU28,2019,16.6
TRN_BUS_TOT_AVD,FI,2019,16.1
TRN_BUS_TOT_AVD,FR,2019,16.8
TRN_BUS_TOT_AVD,HR,2019,15.8
TRN_BUS_TOT_AVD,HU,2019,28.4
TRN_BUS_TOT_AVD,IE,2019,18.2
TRN_BUS_TOT_AVD,IS,2019,11.2
TRN_BUS_TOT_AVD,IT,2019,17.9
TRN_BUS_TOT_AVD,LT,2019,9.4
TRN_BUS_TOT_AVD,LU,2019,17.4
TRN_BUS_TOT_AVD,LV,2019,17.2
TRN_BUS_TOT_AVD,ME,2019,3.4
TRN_BUS_TOT_AVD,MK,2019,21.4
TRN_BUS_TOT_AVD,MT,2019,17.1
TRN_BUS_TOT_AVD,NL,2019,14.4
TRN_BUS_TOT_AVD,NO,2019,10.9
TRN_BUS_TOT_AVD,PL,2019,19.3
TRN_BUS_TOT_AVD,PT,2019,11.7
TRN_BUS_TOT_AVD,RO,2019,21.1
TRN_BUS_TOT_AVD,RS,2019,25.1
TRN_BUS_TOT_AVD,SE,2019,17.7
TRN_BUS_TOT_AVD,SI,2019,13.4
TRN_BUS_TOT_AVD,SK,2019,26.2
TRN_BUS_TOT_AVD,TR,2019,29
TRN_BUS_TOT_AVD,UK,2019,12.6
BUS_TOT,AT,2018,10.1
BUS_TOT,BE,2018,10.3
BUS_TOT,BG,2018,12
BUS_TOT,CH,2018,5.9
BUS_TOT,CY,2018,18.9
BUS_TOT,CZ,2018,17.0
BUS_TOT,DE,2018,5.8
BUS_TOT,DK,2018,9.6
BUS_TOT,EE,2018,16.8
BUS_TOT,EL,2018,16.4
BUS_TOT,ES,2018,8.0
BUS_TOT,EU27_2020,2018,9.3
BUS_TOT,EU28,2018,8.6
BUS_TOT,FI,2018,10.1
BUS_TOT,FR,2018,6.4
BUS_TOT,HR,2018,12.7
BUS_TOT,HU,2018,20.8
BUS_TOT,IE,2018,15
BUS_TOT,IS,2018,13.6
BUS_TOT,IT,2018,11.7
BUS_TOT,LT,2018,8.5
BUS_TOT,LU,2018,12.4
BUS_TOT,LV,2018,13.9
BUS_TOT,ME,2018,2.3
BUS_TOT,MK,2018,23.0
BUS_TOT,MT,2018,17.5
BUS_TOT,NL,2018,3.1
BUS_TOT,NO,2018,5.8
BUS_TOT,PL,2018,12.9
BUS_TOT,PT,2018,7.3
BUS_TOT,RO,2018,17
BUS_TOT,RS,2018,25.5
BUS_TOT,SE,2018,7.2
BUS_TOT,SI,2018,11.8
BUS_TOT,SK,2018,16.2
BUS_TOT,TR,2018,27.3
BUS_TOT,UK,2018,4.4
CAR,AT,2018,77.1
CAR,BE,2018,81.6
CAR,BG,2018,85.8
CAR,CH,2018,74.8
CAR,CY,2018,81.1
CAR,CZ,2018,73.3
CAR,DE,2018,85.1
CAR,DK,2018,82.0
CAR,EE,2018,80.6
CAR,EL,2018,82.7
CAR,ES,2018,84.9
CAR,EU27_2020,2018,82.8
CAR,EU28,2018,83.4
CAR,FI,2018,84.2
CAR,FR,2018,83.3
CAR,HR,2018,84.8
CAR,HU,2018,70.6
CAR,IE,2018,81.7
CAR,IS,2018,86.4
CAR,IT,2018,82.0
CAR,LT,2018,90.4
CAR,LU,2018,82.9
CAR,LV,2018,82.8
CAR,ME,2018,96.4
CAR,MK,2018,76.4
CAR,MT,2018,82.5
CAR,NL,2018,85.7
CAR,NO,2018,89.2
CAR,PL,2018,79.3
CAR,PT,2018,88.4
CAR,RO,2018,78.8
CAR,RS,2018,73.7
CAR,SE,2018,83.1
CAR,SI,2018,86.4
CAR,SK,2018,73.9
CAR,TR,2018,71
CAR,UK,2018,87.1
TRN,AT,2018,12.9
TRN,BE,2018,8.1
TRN,BG,2018,2.2
TRN,CH,2018,19.3
TRN,CZ,2018,9.6
TRN,DE,2018,9.1
TRN,DK,2018,8.4
TRN,EE,2018,2.5
TRN,EL,2018,0.9
TRN,ES,2018,7.1
TRN,EU27_2020,2018,7.9
TRN,EU28,2018,8
TRN,FI,2018,5.7
TRN,FR,2018,10.3
TRN,HR,2018,2.5
TRN,HU,2018,8.6
TRN,IE,2018,3.3
TRN,IT,2018,6.3
TRN,LT,2018,1.1
TRN,LU,2018,4.7
TRN,LV,2018,3.4
TRN,ME,2018,1.3
TRN,MK,2018,0.6
TRN,NL,2018,11.2
TRN,NO,2018,5
TRN,PL,2018,7.9
TRN,PT,2018,4.2
TRN,RO,2018,4.2
TRN,RS,2018,0.8
TRN,SE,2018,9.7
TRN,SI,2018,1.8
TRN,SK,2018,9.9
TRN,TR,2018,1.7
TRN,UK,2018,8.4
TRN_BUS_TOT_AVD,AT,2018,22.9
TRN_BUS_TOT_AVD,BE,2018,18.4
TRN_BUS_TOT_AVD,BG,2018,14.2
TRN_BUS_TOT_AVD,CH,2018,25.2
TRN_BUS_TOT_AVD,CY,2018,18.9
TRN_BUS_TOT_AVD,CZ,2018,26.7
TRN_BUS_TOT_AVD,DE,2018,14.9
TRN_BUS_TOT_AVD,DK,2018,18.0
TRN_BUS_TOT_AVD,EE,2018,19.4
TRN_BUS_TOT_AVD,EL,2018,17.3
TRN_BUS_TOT_AVD,ES,2018,15.1
TRN_BUS_TOT_AVD,EU27_2020,2018,17.2
TRN_BUS_TOT_AVD,EU28,2018,16.6
TRN_BUS_TOT_AVD,FI,2018,15.8
TRN_BUS_TOT_AVD,FR,2018,16.7
TRN_BUS_TOT_AVD,HR,2018,15.2
TRN_BUS_TOT_AVD,HU,2018,29.4
TRN_BUS_TOT_AVD,IE,2018,18.3
TRN_BUS_TOT_AVD,IS,2018,13.6
TRN_BUS_TOT_AVD,IT,2018,18.0
TRN_BUS_TOT_AVD,LT,2018,9.6
TRN_BUS_TOT_AVD,LU,2018,17.1
TRN_BUS_TOT_AVD,LV,2018,17.2
TRN_BUS_TOT_AVD,ME,2018,3.6
TRN_BUS_TOT_AVD,MK,2018,23.6
TRN_BUS_TOT_AVD,MT,2018,17.5
TRN_BUS_TOT_AVD,NL,2018,14.3
TRN_BUS_TOT_AVD,NO,2018,10.8
TRN_BUS_TOT_AVD,PL,2018,20.7
TRN_BUS_TOT_AVD,PT,2018,11.6
TRN_BUS_TOT_AVD,RO,2018,21.2
TRN_BUS_TOT_AVD,RS,2018,26.3
TRN_BUS_TOT_AVD,SE,2018,16.9
TRN_BUS_TOT_AVD,SI,2018,13.6
TRN_BUS_TOT_AVD,SK,2018,26.1
TRN_BUS_TOT_AVD,TR,2018,29
TRN_BUS_TOT_AVD,UK,2018,12.9
BUS_TOT,AT,2017,9.3
BUS_TOT,BE,2017,10.2
BUS_TOT,BG,2017,13.1
BUS_TOT,CH,2017,5.8
BUS_TOT,CY,2017,19
BUS_TOT,CZ,2017,17.9
BUS_TOT,DE,2017,5.8
BUS_TOT,DK,2017,10.0
BUS_TOT,EE,2017,17.3
BUS_TOT,EL,2017,16.6
BUS_TOT,ES,2017,7.8
BUS_TOT,EU27_2020,2017,9.3
BUS_TOT,EU28,2017,8.7
BUS_TOT,FI,2017,10.4
BUS_TOT,FR,2017,6.5
BUS_TOT,HR,2017,13.4
BUS_TOT,HU,2017,21.1
BUS_TOT,IE,2017,14.3
BUS_TOT,IS,2017,11.9
BUS_TOT,IT,2017,11.4
BUS_TOT,LT,2017,8.0
BUS_TOT,LU,2017,12.4
BUS_TOT,LV,2017,14.0
BUS_TOT,ME,2017,2.4
BUS_TOT,MK,2017,22.2
BUS_TOT,MT,2017,17.5
BUS_TOT,NL,2017,2.9
BUS_TOT,NO,2017,5.7
BUS_TOT,PL,2017,13.8
BUS_TOT,PT,2017,7.1
BUS_TOT,RO,2017,17.7
BUS_TOT,RS,2017,24.3
BUS_TOT,SE,2017,7.2
BUS_TOT,SI,2017,11.7
BUS_TOT,SK,2017,15.7
BUS_TOT,TR,2017,28.2
BUS_TOT,UK,2017,4.8
CAR,AT,2017,78.6
CAR,BE,2017,81.8
CAR,BG,2017,84.8
CAR,CH,2017,74.6
CAR,CY,2017,81
CAR,CZ,2017,72.9
CAR,DE,2017,85.3
CAR,DK,2017,81.5
CAR,EE,2017,80.5
CAR,EL,2017,82.5
CAR,ES,2017,85.2
CAR,EU27_2020,2017,82.9
CAR,EU28,2017,83.4
CAR,FI,2017,84.2
CAR,FR,2017,82.8
CAR,HR,2017,84.3
CAR,HU,2017,70
CAR,IE,2017,82.6
CAR,IS,2017,88.1
CAR,IT,2017,82.7
CAR,LT,2017,91.1
CAR,LU,2017,82.9
CAR,LV,2017,82.7
CAR,ME,2017,96.4
CAR,MK,2017,77.2
CAR,MT,2017,82.5
CAR,NL,2017,85.7
CAR,NO,2017,89.5
CAR,PL,2017,78.5
CAR,PT,2017,88.5
CAR,RO,2017,77.8
CAR,RS,2017,74.8
CAR,SE,2017,83.3
CAR,SI,2017,86.5
CAR,SK,2017,74.4
CAR,TR,2017,70.3
CAR,UK,2017,86.7
TRN,AT,2017,12.1
TRN,BE,2017,7.9
TRN,BG,2017,2.1
TRN,CH,2017,19.6
TRN,CZ,2017,9.2
TRN,DE,2017,8.9
TRN,DK,2017,8.6
TRN,EE,2017,2.3
TRN,EL,2017,0.9
TRN,ES,2017,7
TRN,EU27_2020,2017,7.8
TRN,EU28,2017,7.9
TRN,FI,2017,5.4
TRN,FR,2017,10.8
TRN,HR,2017,2.4
TRN,HU,2017,8.9
TRN,IE,2017,3.1
TRN,IT,2017,5.9
TRN,LT,2017,0.9
TRN,LU,2017,4.7
TRN,LV,2017,3.3
TRN,ME,2017,1.3
TRN,MK,2017,0.6
TRN,NL,2017,11.4
TRN,NO,2017,4.8
TRN,PL,2017,7.7
TRN,PT,2017,4.3
TRN,RO,2017,4.5
TRN,RS,2017,0.9
TRN,SE,2017,9.6
TRN,SI,2017,1.8
TRN,SK,2017,9.9
TRN,TR,2017,1.5
TRN,UK,2017,8.4
TRN_BUS_TOT_AVD,AT,2017,21.4
TRN_BUS_TOT_AVD,BE,2017,18.2
TRN_BUS_TOT_AVD,BG,2017,15.2
TRN_BUS_TOT_AVD,CH,2017,25.4
TRN_BUS_TOT_AVD,CY,2017,19
TRN_BUS_TOT_AVD,CZ,2017,27.1
TRN_BUS_TOT_AVD,DE,2017,14.7
TRN_BUS_TOT_AVD,DK,2017,18.5
TRN_BUS_TOT_AVD,EE,2017,19.5
TRN_BUS_TOT_AVD,EL,2017,17.5
TRN_BUS_TOT_AVD,ES,2017,14.8
TRN_BUS_TOT_AVD,EU27_2020,2017,17.1
TRN_BUS_TOT_AVD,EU28,2017,16.6
TRN_BUS_TOT_AVD,FI,2017,15.8
TRN_BUS_TOT_AVD,FR,2017,17.2
TRN_BUS_TOT_AVD,HR,2017,15.7
TRN_BUS_TOT_AVD,HU,2017,30
TRN_BUS_TOT_AVD,IE,2017,17.4
TRN_BUS_TOT_AVD,IS,2017,11.9
TRN_BUS_TOT_AVD,IT,2017,17.3
TRN_BUS_TOT_AVD,LT,2017,8.9
TRN_BUS_TOT_AVD,LU,2017,17.1
TRN_BUS_TOT_AVD,LV,2017,17.3
TRN_BUS_TOT_AVD,ME,2017,3.6
TRN_BUS_TOT_AVD,MK,2017,22.8
TRN_BUS_TOT_AVD,MT,2017,17.5
TRN_BUS_TOT_AVD,NL,2017,14.3
TRN_BUS_TOT_AVD,NO,2017,10.5
TRN_BUS_TOT_AVD,PL,2017,21.5
TRN_BUS_TOT_AVD,PT,2017,11.5
TRN_BUS_TOT_AVD,RO,2017,22.2
TRN_BUS_TOT_AVD,RS,2017,25.2
TRN_BUS_TOT_AVD,SE,2017,16.7
TRN_BUS_TOT_AVD,SI,2017,13.5
TRN_BUS_TOT_AVD,SK,2017,25.6
TRN_BUS_TOT_AVD,TR,2017,29.7
TRN_BUS_TOT_AVD,UK,2017,13.3
BUS_TOT,AT,2016,9.2
BUS_TOT,BE,2016,10.5
BUS_TOT,BG,2016,14.1
BUS_TOT,CH,2016,5.9
BUS_TOT,CY,2016,18.6
BUS_TOT,CZ,2016,17.6
BUS_TOT,DE,2016,5.8
BUS_TOT,DK,2016,9.8
BUS_TOT,EE,2016,17.9
BUS_TOT,EL,2016,17.1
BUS_TOT,ES,2016,11.8
BUS_TOT,EU27_2020,2016,9.8
BUS_TOT,EU28,2016,9.1
BUS_TOT,FI,2016,11.9
BUS_TOT,FR,2016,6.6
BUS_TOT,HR,2016,12.3
BUS_TOT,HU,2016,21.5
BUS_TOT,IE,2016,13.6
BUS_TOT,IS,2016,11.4
BUS_TOT,IT,2016,11.9
BUS_TOT,LT,2016,9.1
BUS_TOT,LU,2016,12.3
BUS_TOT,LV,2016,15.1
BUS_TOT,ME,2016,2.4
BUS_TOT,MK,2016,22.1
BUS_TOT,MT,2016,17.4
BUS_TOT,NL,2016,3
BUS_TOT,NO,2016,5.9
BUS_TOT,PL,2016,14.2
BUS_TOT,PT,2016,7.4
BUS_TOT,RO,2016,17.6
BUS_TOT,RS,2016,23
BUS_TOT,SE,2016,7.2
BUS_TOT,SI,2016,11.8
BUS_TOT,SK,2016,15.8
BUS_TOT,TR,2016,28.5
BUS_TOT,UK,2016,4.6
CAR,AT,2016,78.6
CAR,BE,2016,81.8
CAR,BG,2016,83.7
CAR,CH,2016,74.3
CAR,CY,2016,81.4
CAR,CZ,2016,73.5
CAR,DE,2016,85.6
CAR,DK,2016,81.4
CAR,EE,2016,80.1
CAR,EL,2016,81.9
CAR,ES,2016,81.6
CAR,EU27_2020,2016,82.6
CAR,EU28,2016,83.1
CAR,FI,2016,82.5
CAR,FR,2016,83.2
CAR,HR,2016,85.0
CAR,HU,2016,69.2
CAR,IE,2016,83.4
CAR,IS,2016,88.6
CAR,IT,2016,82.0
CAR,LT,2016,89.9
CAR,LU,2016,83.1
CAR,LV,2016,81.5
CAR,ME,2016,95.8
CAR,MK,2016,77
CAR,MT,2016,82.6
CAR,NL,2016,86
CAR,NO,2016,89.0
CAR,PL,2016,78.5
CAR,PT,2016,88.4
CAR,RO,2016,78.3
CAR,RS,2016,75.9
CAR,SE,2016,83.5
CAR,SI,2016,86.3
CAR,SK,2016,74.8
CAR,TR,2016,70.1
CAR,UK,2016,86.5
TRN,AT,2016,12.2
TRN,BE,2016,7.7
TRN,BG,2016,2.2
TRN,CH,2016,19.8
TRN,CZ,2016,8.9
TRN,DE,2016,8.6
TRN,DK,2016,8.8
TRN,EE,2016,2
TRN,EL,2016,1
TRN,ES,2016,6.6
TRN,EU27_2020,2016,7.6
TRN,EU28,2016,7.8
TRN,FI,2016,5.6
TRN,FR,2016,10.2
TRN,HR,2016,2.7
TRN,HU,2016,9.2
TRN,IE,2016,3
TRN,IT,2016,6.1
TRN,LT,2016,1
TRN,LU,2016,4.6
TRN,LV,2016,3.4
TRN,ME,2016,1.8
TRN,MK,2016,0.9
TRN,NL,2016,11
TRN,NO,2016,5.1
TRN,PL,2016,7.3
TRN,PT,2016,4.2
TRN,RO,2016,4.1
TRN,RS,2016,1.1
TRN,SE,2016,9.3
TRN,SI,2016,2
TRN,SK,2016,9.4
TRN,TR,2016,1.4
TRN,UK,2016,8.8
TRN_BUS_TOT_AVD,AT,2016,21.4
TRN_BUS_TOT_AVD,BE,2016,18.2
TRN_BUS_TOT_AVD,BG,2016,16.3
TRN_BUS_TOT_AVD,CH,2016,25.7
TRN_BUS_TOT_AVD,CY,2016,18.6
TRN_BUS_TOT_AVD,CZ,2016,26.5
TRN_BUS_TOT_AVD,DE,2016,14.4
TRN_BUS_TOT_AVD,DK,2016,18.6
TRN_BUS_TOT_AVD,EE,2016,19.9
TRN_BUS_TOT_AVD,EL,2016,18.1
TRN_BUS_TOT_AVD,ES,2016,18.4
TRN_BUS_TOT_AVD,EU27_2020,2016,17.4
TRN_BUS_TOT_AVD,EU28,2016,16.9
TRN_BUS_TOT_AVD,FI,2016,17.5
TRN_BUS_TOT_AVD,FR,2016,16.8
TRN_BUS_TOT_AVD,HR,2016,15.0
TRN_BUS_TOT_AVD,HU,2016,30.8
TRN_BUS_TOT_AVD,IE,2016,16.6
TRN_BUS_TOT_AVD,IS,2016,11.4
TRN_BUS_TOT_AVD,IT,2016,18.0
TRN_BUS_TOT_AVD,LT,2016,10.1
TRN_BUS_TOT_AVD,LU,2016,16.9
TRN_BUS_TOT_AVD,LV,2016,18.5
TRN_BUS_TOT_AVD,ME,2016,4.2
TRN_BUS_TOT_AVD,MK,2016,23
TRN_BUS_TOT_AVD,MT,2016,17.4
TRN_BUS_TOT_AVD,NL,2016,14
TRN_BUS_TOT_AVD,NO,2016,11.0
TRN_BUS_TOT_AVD,PL,2016,21.5
TRN_BUS_TOT_AVD,PT,2016,11.6
TRN_BUS_TOT_AVD,RO,2016,21.7
TRN_BUS_TOT_AVD,RS,2016,24.1
TRN_BUS_TOT_AVD,SE,2016,16.5
TRN_BUS_TOT_AVD,SI,2016,13.7
TRN_BUS_TOT_AVD,SK,2016,25.2
TRN_BUS_TOT_AVD,TR,2016,29.9
TRN_BUS_TOT_AVD,UK,2016,13.5
BUS_TOT,AT,2015,9.2
BUS_TOT,BE,2015,10.9
BUS_TOT,BG,2015,14.6
BUS_TOT,CH,2015,5.9
BUS_TOT,CY,2015,18.7
BUS_TOT,CZ,2015,17.3
BUS_TOT,DE,2015,6.0
BUS_TOT,DK,2015,9.8
BUS_TOT,EE,2015,20
BUS_TOT,EL,2015,17.5
BUS_TOT,ES,2015,11.9
BUS_TOT,EU27_2020,2015,9.9
BUS_TOT,EU28,2015,9.3
BUS_TOT,FI,2015,9.7
BUS_TOT,FR,2015,6.7
BUS_TOT,HR,2015,11.0
BUS_TOT,HU,2015,22.3
BUS_TOT,IE,2015,13.7
BUS_TOT,IS,2015,11.4
BUS_TOT,IT,2015,12.3
BUS_TOT,LT,2015,9.9
BUS_TOT,LU,2015,12.4
BUS_TOT,LV,2015,15.8
BUS_TOT,ME,2015,2.6
BUS_TOT,MK,2015,24.1
BUS_TOT,MT,2015,17.7
BUS_TOT,NL,2015,3
BUS_TOT,NO,2015,5.7
BUS_TOT,PL,2015,14.7
BUS_TOT,PT,2015,6.9
BUS_TOT,RO,2015,17.6
BUS_TOT,RS,2015,24.3
BUS_TOT,SE,2015,7.3
BUS_TOT,SI,2015,11.8
BUS_TOT,SK,2015,14.8
BUS_TOT,TR,2015,30.7
BUS_TOT,UK,2015,5.4
CAR,AT,2015,78.7
CAR,BE,2015,81.2
CAR,BG,2015,83.1
CAR,CH,2015,74.4
CAR,CY,2015,81.3
CAR,CZ,2015,74.1
CAR,DE,2015,85.6
CAR,DK,2015,80.9
CAR,EE,2015,78.2
CAR,EL,2015,81.4
CAR,ES,2015,81.4
CAR,EU27_2020,2015,82.4
CAR,EU28,2015,82.9
CAR,FI,2015,85.0
CAR,FR,2015,82.8
CAR,HR,2015,85.9
CAR,HU,2015,68.2
CAR,IE,2015,83.3
CAR,IS,2015,88.6
CAR,IT,2015,81.4
CAR,LT,2015,89.2
CAR,LU,2015,82.9
CAR,LV,2015,80.7
CAR,ME,2015,95.5
CAR,MK,2015,74
CAR,MT,2015,82.3
CAR,NL,2015,86.2
CAR,NO,2015,89.4
CAR,PL,2015,78.5
CAR,PT,2015,88.9
CAR,RO,2015,77.9
CAR,RS,2015,74.4
CAR,SE,2015,83.2
CAR,SI,2015,86.1
CAR,SK,2015,75.8
CAR,TR,2015,67.6
CAR,UK,2015,85.9
TRN,AT,2015,12.2
TRN,BE,2015,7.8
TRN,BG,2015,2.3
TRN,CH,2015,19.7
TRN,CZ,2015,8.6
TRN,DE,2015,8.4
TRN,DK,2015,9.3
TRN,EE,2015,1.8
TRN,EL,2015,1
TRN,ES,2015,6.7
TRN,EU27_2020,2015,7.7
TRN,EU28,2015,7.8
TRN,FI,2015,5.3
TRN,FR,2015,10.5
TRN,HR,2015,3.1
TRN,HU,2015,9.5
TRN,IE,2015,3.1
TRN,IT,2015,6.3
TRN,LT,2015,0.9
TRN,LU,2015,4.7
TRN,LV,2015,3.5
TRN,ME,2015,1.9
TRN,MK,2015,1.9
TRN,NL,2015,10.8
TRN,NO,2015,4.9
TRN,PL,2015,6.8
TRN,PT,2015,4.2
TRN,RO,2015,4.5
TRN,RS,2015,1.3
TRN,SE,2015,9.5
TRN,SI,2015,2.1
TRN,SK,2015,9.4
TRN,TR,2015,1.6
TRN,UK,2015,8.7
TRN_BUS_TOT_AVD,AT,2015,21.3
TRN_BUS_TOT_AVD,BE,2015,18.8
TRN_BUS_TOT_AVD,BG,2015,16.9
TRN_BUS_TOT_AVD,CH,2015,25.6
TRN_BUS_TOT_AVD,CY,2015,18.7
TRN_BUS_TOT_AVD,CZ,2015,25.9
TRN_BUS_TOT_AVD,DE,2015,14.4
TRN_BUS_TOT_AVD,DK,2015,19.1
TRN_BUS_TOT_AVD,EE,2015,21.8
TRN_BUS_TOT_AVD,EL,2015,18.6
TRN_BUS_TOT_AVD,ES,2015,18.6
TRN_BUS_TOT_AVD,EU27_2020,2015,17.6
TRN_BUS_TOT_AVD,EU28,2015,17.1
TRN_BUS_TOT_AVD,FI,2015,15.0
TRN_BUS_TOT_AVD,FR,2015,17.2
TRN_BUS_TOT_AVD,HR,2015,14.1
TRN_BUS_TOT_AVD,HU,2015,31.8
TRN_BUS_TOT_AVD,IE,2015,16.7
TRN_BUS_TOT_AVD,IS,2015,11.4
TRN_BUS_TOT_AVD,IT,2015,18.6
TRN_BUS_TOT_AVD,LT,2015,10.8
TRN_BUS_TOT_AVD,LU,2015,17.1
TRN_BUS_TOT_AVD,LV,2015,19.3
TRN_BUS_TOT_AVD,ME,2015,4.5
TRN_BUS_TOT_AVD,MK,2015,26
TRN_BUS_TOT_AVD,MT,2015,17.7
TRN_BUS_TOT_AVD,NL,2015,13.8
TRN_BUS_TOT_AVD,NO,2015,10.6
TRN_BUS_TOT_AVD,PL,2015,21.5
TRN_BUS_TOT_AVD,PT,2015,11.1
TRN_BUS_TOT_AVD,RO,2015,22.1
TRN_BUS_TOT_AVD,RS,2015,25.6
TRN_BUS_TOT_AVD,SE,2015,16.8
TRN_BUS_TOT_AVD,SI,2015,13.9
TRN_BUS_TOT_AVD,SK,2015,24.2
TRN_BUS_TOT_AVD,TR,2015,32.4
TRN_BUS_TOT_AVD,UK,2015,14.1
BUS_TOT,AT,2014,9.2
BUS_TOT,BE,2014,11.4
BUS_TOT,BG,2014,15.1
BUS_TOT,CH,2014,5.8
BUS_TOT,CY,2014,18.2
BUS_TOT,CZ,2014,18.8
BUS_TOT,DE,2014,5.8
BUS_TOT,DK,2014,9.7
BUS_TOT,EE,2014,16.5
BUS_TOT,EL,2014,17.7
BUS_TOT,ES,2014,10.6
BUS_TOT,EU27_2020,2014,10.1
BUS_TOT,EU28,2014,9.5
BUS_TOT,FI,2014,9.8
BUS_TOT,FR,2014,8.1
BUS_TOT,HR,2014,11.9
BUS_TOT,HU,2014,22.6
BUS_TOT,IE,2014,14.7
BUS_TOT,IS,2014,11.4
BUS_TOT,IT,2014,12.9
BUS_TOT,LT,2014,10.8
BUS_TOT,LU,2014,12.2
BUS_TOT,LV,2014,17.0
BUS_TOT,ME,2014,2.6
BUS_TOT,MK,2014,26.5
BUS_TOT,MT,2014,16.9
BUS_TOT,NL,2014,2.7
BUS_TOT,NO,2014,5.4
BUS_TOT,PL,2014,15.5
BUS_TOT,PT,2014,6.1
BUS_TOT,RO,2014,16.9
BUS_TOT,RS,2014,23.9
BUS_TOT,SE,2014,7.3
BUS_TOT,SI,2014,11.6
BUS_TOT,SK,2014,15.2
BUS_TOT,TR,2014,33.5
BUS_TOT,UK,2014,5.4
CAR,AT,2014,78.5
CAR,BE,2014,80.4
CAR,BG,2014,82.3
CAR,CH,2014,74.6
CAR,CY,2014,81.8
CAR,CZ,2014,72.8
CAR,DE,2014,85.7
CAR,DK,2014,80.6
CAR,EE,2014,81.6
CAR,EL,2014,81.4
CAR,ES,2014,82.7
CAR,EU27_2020,2014,82.2
CAR,EU28,2014,82.7
CAR,FI,2014,85.2
CAR,FR,2014,81.6
CAR,HR,2014,85.1
CAR,HU,2014,67.5
CAR,IE,2014,82.3
CAR,IS,2014,88.6
CAR,IT,2014,80.8
CAR,LT,2014,88.3
CAR,LU,2014,83.6
CAR,LV,2014,79.0
CAR,ME,2014,95.6
CAR,MK,2014,72.6
CAR,MT,2014,83.1
CAR,NL,2014,85.5
CAR,NO,2014,89.8
CAR,PL,2014,78.2
CAR,PT,2014,89.8
CAR,RO,2014,78.5
CAR,RS,2014,74.9
CAR,SE,2014,83.5
CAR,SI,2014,86.3
CAR,SK,2014,77.4
CAR,TR,2014,64.9
CAR,UK,2014,86.1
TRN,AT,2014,12.3
TRN,BE,2014,8.2
TRN,BG,2014,2.6
TRN,CH,2014,19.6
TRN,CZ,2014,8.4
TRN,DE,2014,8.5
TRN,DK,2014,9.7
TRN,EE,2014,1.9
TRN,EL,2014,0.9
TRN,ES,2014,6.7
TRN,EU27_2020,2014,7.7
TRN,EU28,2014,7.8
TRN,FI,2014,5
TRN,FR,2014,10.3
TRN,HR,2014,3
TRN,HU,2014,9.9
TRN,IE,2014,3
TRN,IT,2014,6.3
TRN,LT,2014,1
TRN,LU,2014,4.3
TRN,LV,2014,4
TRN,ME,2014,1.8
TRN,MK,2014,0.9
TRN,NL,2014,11.8
TRN,NO,2014,4.9
TRN,PL,2014,6.3
TRN,PT,2014,4.1
TRN,RO,2014,4.6
TRN,RS,2014,1.2
TRN,SE,2014,9.2
TRN,SI,2014,2.1
TRN,SK,2014,7.3
TRN,TR,2014,1.6
TRN,UK,2014,8.5
TRN_BUS_TOT_AVD,AT,2014,21.5
TRN_BUS_TOT_AVD,BE,2014,19.6
TRN_BUS_TOT_AVD,BG,2014,17.7
TRN_BUS_TOT_AVD,CH,2014,25.4
TRN_BUS_TOT_AVD,CY,2014,18.2
TRN_BUS_TOT_AVD,CZ,2014,27.2
TRN_BUS_TOT_AVD,DE,2014,14.3
TRN_BUS_TOT_AVD,DK,2014,19.4
TRN_BUS_TOT_AVD,EE,2014,18.4
TRN_BUS_TOT_AVD,EL,2014,18.6
TRN_BUS_TOT_AVD,ES,2014,17.3
TRN_BUS_TOT_AVD,EU27_2020,2014,17.8
TRN_BUS_TOT_AVD,EU28,2014,17.3
TRN_BUS_TOT_AVD,FI,2014,14.8
TRN_BUS_TOT_AVD,FR,2014,18.4
TRN_BUS_TOT_AVD,HR,2014,14.9
TRN_BUS_TOT_AVD,HU,2014,32.5
TRN_BUS_TOT_AVD,IE,2014,17.7
TRN_BUS_TOT_AVD,IS,2014,11.4
TRN_BUS_TOT_AVD,IT,2014,19.2
TRN_BUS_TOT_AVD,LT,2014,11.7
TRN_BUS_TOT_AVD,LU,2014,16.4
TRN_BUS_TOT_AVD,LV,2014,21.0
TRN_BUS_TOT_AVD,ME,2014,4.4
TRN_BUS_TOT_AVD,MK,2014,27.4
TRN_BUS_TOT_AVD,MT,2014,16.9
TRN_BUS_TOT_AVD,NL,2014,14.5
TRN_BUS_TOT_AVD,NO,2014,10.2
TRN_BUS_TOT_AVD,PL,2014,21.8
TRN_BUS_TOT_AVD,PT,2014,10.2
TRN_BUS_TOT_AVD,RO,2014,21.5
TRN_BUS_TOT_AVD,RS,2014,25.1
TRN_BUS_TOT_AVD,SE,2014,16.5
TRN_BUS_TOT_AVD,SI,2014,13.7
TRN_BUS_TOT_AVD,SK,2014,22.6
TRN_BUS_TOT_AVD,TR,2014,35.1
TRN_BUS_TOT_AVD,UK,2014,13.9
BUS_TOT,AT,2013,9.2
BUS_TOT,BE,2013,11.9
BUS_TOT,BG,2013,14
BUS_TOT,CH,2013,5.7
BUS_TOT,CY,2013,18.5
BUS_TOT,CZ,2013,17.9
BUS_TOT,DE,2013,5.7
BUS_TOT,DK,2013,9.8
BUS_TOT,EE,2013,17.4
BUS_TOT,EL,2013,17.8
BUS_TOT,ES,2013,13.2
BUS_TOT,EU27_2020,2013,10.4
BUS_TOT,EU28,2013,9.8
BUS_TOT,FI,2013,9.8
BUS_TOT,FR,2013,8.1
BUS_TOT,HR,2013,11.5
BUS_TOT,HU,2013,22.3
BUS_TOT,IE,2013,14.1
BUS_TOT,IS,2013,11.4
BUS_TOT,IT,2013,14.1
BUS_TOT,LT,2013,7.8
BUS_TOT,LU,2013,12.4
BUS_TOT,LV,2013,18.0
BUS_TOT,ME,2013,2.6
BUS_TOT,MK,2013,20
BUS_TOT,MT,2013,17
BUS_TOT,NL,2013,2.7
BUS_TOT,NO,2013,5.5
BUS_TOT,PL,2013,15.2
BUS_TOT,PT,2013,6.6
BUS_TOT,RO,2013,16.8
BUS_TOT,RS,2013,14.3
BUS_TOT,SE,2013,7.5
BUS_TOT,SI,2013,11.4
BUS_TOT,SK,2013,15.1
BUS_TOT,TR,2013,34.9
BUS_TOT,UK,2013,5.6
CAR,AT,2013,78.4
CAR,BE,2013,79.8
CAR,BG,2013,83
CAR,CH,2013,75
CAR,CY,2013,81.5
CAR,CZ,2013,73.6
CAR,DE,2013,85.8
CAR,DK,2013,79.9
CAR,EE,2013,81
CAR,EL,2013,81.3
CAR,ES,2013,80.7
CAR,EU27_2020,2013,81.9
CAR,EU28,2013,82.4
CAR,FI,2013,84.9
CAR,FR,2013,81.4
CAR,HR,2013,85.5
CAR,HU,2013,67.5
CAR,IE,2013,83.2
CAR,IS,2013,88.6
CAR,IT,2013,79.7
CAR,LT,2013,91.4
CAR,LU,2013,82.8
CAR,LV,2013,77.3
CAR,ME,2013,95.7
CAR,MK,2013,79
CAR,MT,2013,83
CAR,NL,2013,86
CAR,NO,2013,89.8
CAR,PL,2013,78.0
CAR,PT,2013,89.4
CAR,RO,2013,78.9
CAR,RS,2013,83.8
CAR,SE,2013,83.4
CAR,SI,2013,86.3
CAR,SK,2013,77.8
CAR,TR,2013,63.7
CAR,UK,2013,86.1
TRN,AT,2013,12.4
TRN,BE,2013,8.2
TRN,BG,2013,2.9
TRN,CH,2013,19.3
TRN,CZ,2013,8.5
TRN,DE,2013,8.5
TRN,DK,2013,10.3
TRN,EE,2013,1.6
TRN,EL,2013,0.9
TRN,ES,2013,6.1
TRN,EU27_2020,2013,7.7
TRN,EU28,2013,7.8
TRN,FI,2013,5.3
TRN,FR,2013,10.5
TRN,HR,2013,3.1
TRN,HU,2013,10.2
TRN,IE,2013,2.7
TRN,IT,2013,6.3
TRN,LT,2013,0.8
TRN,LU,2013,4.8
TRN,LV,2013,4.7
TRN,ME,2013,1.7
TRN,MK,2013,1
TRN,NL,2013,11.3
TRN,NO,2013,4.8
TRN,PL,2013,6.7
TRN,PT,2013,4
TRN,RO,2013,4.3
TRN,RS,2013,1.9
TRN,SE,2013,9.1
TRN,SI,2013,2.3
TRN,SK,2013,7.1
TRN,TR,2013,1.4
TRN,UK,2013,8.3
TRN_BUS_TOT_AVD,AT,2013,21.6
TRN_BUS_TOT_AVD,BE,2013,20.2
TRN_BUS_TOT_AVD,BG,2013,17
TRN_BUS_TOT_AVD,CH,2013,25
TRN_BUS_TOT_AVD,CY,2013,18.5
TRN_BUS_TOT_AVD,CZ,2013,26.4
TRN_BUS_TOT_AVD,DE,2013,14.2
TRN_BUS_TOT_AVD,DK,2013,20.1
TRN_BUS_TOT_AVD,EE,2013,19
TRN_BUS_TOT_AVD,EL,2013,18.7
TRN_BUS_TOT_AVD,ES,2013,19.3
TRN_BUS_TOT_AVD,EU27_2020,2013,18.1
TRN_BUS_TOT_AVD,EU28,2013,17.6
TRN_BUS_TOT_AVD,FI,2013,15.1
TRN_BUS_TOT_AVD,FR,2013,18.6
TRN_BUS_TOT_AVD,HR,2013,14.5
TRN_BUS_TOT_AVD,HU,2013,32.5
TRN_BUS_TOT_AVD,IE,2013,16.8
TRN_BUS_TOT_AVD,IS,2013,11.4
TRN_BUS_TOT_AVD,IT,2013,20.3
TRN_BUS_TOT_AVD,LT,2013,8.6
TRN_BUS_TOT_AVD,LU,2013,17.2
TRN_BUS_TOT_AVD,LV,2013,22.7
TRN_BUS_TOT_AVD,ME,2013,4.3
TRN_BUS_TOT_AVD,MK,2013,21
TRN_BUS_TOT_AVD,MT,2013,17
TRN_BUS_TOT_AVD,NL,2013,14
TRN_BUS_TOT_AVD,NO,2013,10.2
TRN_BUS_TOT_AVD,PL,2013,22.0
TRN_BUS_TOT_AVD,PT,2013,10.6
TRN_BUS_TOT_AVD,RO,2013,21.1
TRN_BUS_TOT_AVD,RS,2013,16.2
TRN_BUS_TOT_AVD,SE,2013,16.6
TRN_BUS_TOT_AVD,SI,2013,13.7
TRN_BUS_TOT_AVD,SK,2013,22.2
TRN_BUS_TOT_AVD,TR,2013,36.3
TRN_BUS_TOT_AVD,UK,2013,13.9
BUS_TOT,AT,2012,9.3
BUS_TOT,BE,2012,12.9
BUS_TOT,BG,2012,14.8
BUS_TOT,CH,2012,5.7
BUS_TOT,CY,2012,18.7
BUS_TOT,CZ,2012,17.7
BUS_TOT,DE,2012,5.7
BUS_TOT,DK,2012,9.8
BUS_TOT,EE,2012,16.8
BUS_TOT,EL,2012,17.7
BUS_TOT,ES,2012,13.7
BUS_TOT,EU27_2020,2012,10
BUS_TOT,EU28,2012,9.4
BUS_TOT,FI,2012,9.8
BUS_TOT,FR,2012,5.4
BUS_TOT,HR,2012,10.7
BUS_TOT,HU,2012,22.3
BUS_TOT,IE,2012,14.4
BUS_TOT,IS,2012,11.4
BUS_TOT,IT,2012,14.7
BUS_TOT,LT,2012,7.3
BUS_TOT,LU,2012,12.4
BUS_TOT,LV,2012,18.3
BUS_TOT,ME,2012,2.7
BUS_TOT,MK,2012,21.2
BUS_TOT,MT,2012,17.5
BUS_TOT,NL,2012,2.7
BUS_TOT,NO,2012,5.6
BUS_TOT,PL,2012,16.0
BUS_TOT,PT,2012,6.4
BUS_TOT,RO,2012,17.2
BUS_TOT,RS,2012,14.6
BUS_TOT,SE,2012,7.3
BUS_TOT,SI,2012,11.1
BUS_TOT,SK,2012,15.6
BUS_TOT,TR,2012,36.6
BUS_TOT,UK,2012,5.8
CAR,AT,2012,78.8
CAR,BE,2012,79.3
CAR,BG,2012,82.1
CAR,CH,2012,75
CAR,CY,2012,81.3
CAR,CZ,2012,74.0
CAR,DE,2012,85.4
CAR,DK,2012,80.0
CAR,EE,2012,81.4
CAR,EL,2012,81.6
CAR,ES,2012,80.7
CAR,EU27_2020,2012,82.4
CAR,EU28,2012,82.9
CAR,FI,2012,84.9
CAR,FR,2012,85.1
CAR,HR,2012,85.8
CAR,HU,2012,67.6
CAR,IE,2012,82.8
CAR,IS,2012,88.6
CAR,IT,2012,78.9
CAR,LT,2012,91.9
CAR,LU,2012,83
CAR,LV,2012,76.9
CAR,ME,2012,95.8
CAR,MK,2012,77.3
CAR,MT,2012,82.5
CAR,NL,2012,86.6
CAR,NO,2012,89.8
CAR,PL,2012,76.8
CAR,PT,2012,89.5
CAR,RO,2012,78.2
CAR,RS,2012,83.7
CAR,SE,2012,83.6
CAR,SI,2012,86.7
CAR,SK,2012,77.3
CAR,TR,2012,61.6
CAR,UK,2012,86.1
TRN,AT,2012,11.9
TRN,BE,2012,7.8
TRN,BG,2012,3.1
TRN,CH,2012,19.2
TRN,CZ,2012,8.3
TRN,DE,2012,8.9
TRN,DK,2012,10.2
TRN,EE,2012,1.8
TRN,EL,2012,0.7
TRN,ES,2012,5.6
TRN,EU27_2020,2012,7.6
TRN,EU28,2012,7.7
TRN,FI,2012,5.3
TRN,FR,2012,9.5
TRN,HR,2012,3.5
TRN,HU,2012,10.1
TRN,IE,2012,2.8
TRN,IT,2012,6.4
TRN,LT,2012,0.7
TRN,LU,2012,4.6
TRN,LV,2012,4.8
TRN,ME,2012,1.5
TRN,MK,2012,1.5
TRN,NL,2012,10.7
TRN,NO,2012,4.6
TRN,PL,2012,7.2
TRN,PT,2012,4.1
TRN,RO,2012,4.6
TRN,RS,2012,1.7
TRN,SE,2012,9.1
TRN,SI,2012,2.3
TRN,SK,2012,7.1
TRN,TR,2012,1.7
TRN,UK,2012,8.1
TRN_BUS_TOT_AVD,AT,2012,21.2
TRN_BUS_TOT_AVD,BE,2012,20.7
TRN_BUS_TOT_AVD,BG,2012,17.9
TRN_BUS_TOT_AVD,CH,2012,25
TRN_BUS_TOT_AVD,CY,2012,18.7
TRN_BUS_TOT_AVD,CZ,2012,26.0
TRN_BUS_TOT_AVD,DE,2012,14.6
TRN_BUS_TOT_AVD,DK,2012,20.0
TRN_BUS_TOT_AVD,EE,2012,18.6
TRN_BUS_TOT_AVD,EL,2012,18.4
TRN_BUS_TOT_AVD,ES,2012,19.3
TRN_BUS_TOT_AVD,EU27_2020,2012,17.6
TRN_BUS_TOT_AVD,EU28,2012,17.1
TRN_BUS_TOT_AVD,FI,2012,15.1
TRN_BUS_TOT_AVD,FR,2012,14.9
TRN_BUS_TOT_AVD,HR,2012,14.2
TRN_BUS_TOT_AVD,HU,2012,32.4
TRN_BUS_TOT_AVD,IE,2012,17.2
TRN_BUS_TOT_AVD,IS,2012,11.4
TRN_BUS_TOT_AVD,IT,2012,21.1
TRN_BUS_TOT_AVD,LT,2012,8.1
TRN_BUS_TOT_AVD,LU,2012,17
TRN_BUS_TOT_AVD,LV,2012,23.1
TRN_BUS_TOT_AVD,ME,2012,4.2
TRN_BUS_TOT_AVD,MK,2012,22.7
TRN_BUS_TOT_AVD,MT,2012,17.5
TRN_BUS_TOT_AVD,NL,2012,13.4
TRN_BUS_TOT_AVD,NO,2012,10.2
TRN_BUS_TOT_AVD,PL,2012,23.2
TRN_BUS_TOT_AVD,PT,2012,10.5
TRN_BUS_TOT_AVD,RO,2012,21.8
TRN_BUS_TOT_AVD,RS,2012,16.3
TRN_BUS_TOT_AVD,SE,2012,16.4
TRN_BUS_TOT_AVD,SI,2012,13.3
TRN_BUS_TOT_AVD,SK,2012,22.7
TRN_BUS_TOT_AVD,TR,2012,38.4
TRN_BUS_TOT_AVD,UK,2012,13.9
BUS_TOT,AT,2011,9.4
BUS_TOT,BE,2011,12.8
BUS_TOT,BG,2011,15.9
BUS_TOT,CH,2011,5.7
BUS_TOT,CY,2011,18.3
BUS_TOT,CZ,2011,18.0
BUS_TOT,DE,2011,5.9
BUS_TOT,DK,2011,10.1
BUS_TOT,EE,2011,16.3
BUS_TOT,EL,2011,17.6
BUS_TOT,ES,2011,13.5
BUS_TOT,EU27_2020,2011,9.9
BUS_TOT,EU28,2011,9.4
BUS_TOT,FI,2011,9.8
BUS_TOT,FR,2011,5.4
BUS_TOT,HR,2011,10.5
BUS_TOT,HU,2011,21.5
BUS_TOT,IE,2011,14.6
BUS_TOT,IS,2011,11.4
BUS_TOT,IT,2011,13.2
BUS_TOT,LT,2011,8.3
BUS_TOT,LU,2011,12.5
BUS_TOT,LV,2011,18.9
BUS_TOT,ME,2011,2
BUS_TOT,MK,2011,23.1
BUS_TOT,MT,2011,17.6
BUS_TOT,NL,2011,3
BUS_TOT,NO,2011,7.0
BUS_TOT,PL,2011,15.7
BUS_TOT,PT,2011,6.3
BUS_TOT,RO,2011,16.2
BUS_TOT,RS,2011,14.9
BUS_TOT,SE,2011,7.4
BUS_TOT,SI,2011,11
BUS_TOT,SK,2011,15.7
BUS_TOT,TR,2011,38.4
BUS_TOT,UK,2011,5.9
CAR,AT,2011,79.1
CAR,BE,2011,79.5
CAR,BG,2011,80.6
CAR,CH,2011,74.8
CAR,CY,2011,81.7
CAR,CZ,2011,74.4
CAR,DE,2011,85.6
CAR,DK,2011,80.0
CAR,EE,2011,81.8
CAR,EL,2011,81.6
CAR,ES,2011,80.9
CAR,EU27_2020,2011,82.8
CAR,EU28,2011,83.2
CAR,FI,2011,85.1
CAR,FR,2011,85.3
CAR,HR,2011,84.6
CAR,HU,2011,68.3
CAR,IE,2011,82.6
CAR,IS,2011,88.6
CAR,IT,2011,81.1
CAR,LT,2011,90.8
CAR,LU,2011,83.1
CAR,LV,2011,76.2
CAR,ME,2011,96.4
CAR,MK,2011,74.9
CAR,MT,2011,82.4
CAR,NL,2011,86.5
CAR,NO,2011,88.4
CAR,PL,2011,77.4
CAR,PT,2011,89.2
CAR,RO,2011,78.5
CAR,RS,2011,83.4
CAR,SE,2011,83.8
CAR,SI,2011,86.6
CAR,SK,2011,77.3
CAR,TR,2011,59.2
CAR,UK,2011,86.3
TRN,AT,2011,11.5
TRN,BE,2011,7.7
TRN,BG,2011,3.5
TRN,CH,2011,19.6
TRN,CZ,2011,7.6
TRN,DE,2011,8.5
TRN,DK,2011,10
TRN,EE,2011,1.9
TRN,EL,2011,0.8
TRN,ES,2011,5.6
TRN,EU27_2020,2011,7.3
TRN,EU28,2011,7.4
TRN,FI,2011,5
TRN,FR,2011,9.3
TRN,HR,2011,4.9
TRN,HU,2011,10.2
TRN,IE,2011,2.9
TRN,IT,2011,5.7
TRN,LT,2011,0.8
TRN,LU,2011,4.4
TRN,LV,2011,4.9
TRN,ME,2011,1.6
TRN,MK,2011,2
TRN,NL,2011,10.5
TRN,NO,2011,4.5
TRN,PL,2011,6.9
TRN,PT,2011,4.5
TRN,RO,2011,5.3
TRN,RS,2011,1.7
TRN,SE,2011,8.7
TRN,SI,2011,2.3
TRN,SK,2011,7
TRN,TR,2011,2.4
TRN,UK,2011,7.8
TRN_BUS_TOT_AVD,AT,2011,20.9
TRN_BUS_TOT_AVD,BE,2011,20.5
TRN_BUS_TOT_AVD,BG,2011,19.4
TRN_BUS_TOT_AVD,CH,2011,25.2
TRN_BUS_TOT_AVD,CY,2011,18.3
TRN_BUS_TOT_AVD,CZ,2011,25.6
TRN_BUS_TOT_AVD,DE,2011,14.4
TRN_BUS_TOT_AVD,DK,2011,20.0
TRN_BUS_TOT_AVD,EE,2011,18.2
TRN_BUS_TOT_AVD,EL,2011,18.4
TRN_BUS_TOT_AVD,ES,2011,19.1
TRN_BUS_TOT_AVD,EU27_2020,2011,17.2
TRN_BUS_TOT_AVD,EU28,2011,16.8
TRN_BUS_TOT_AVD,FI,2011,14.9
TRN_BUS_TOT_AVD,FR,2011,14.7
TRN_BUS_TOT_AVD,HR,2011,15.4
TRN_BUS_TOT_AVD,HU,2011,31.7
TRN_BUS_TOT_AVD,IE,2011,17.4
TRN_BUS_TOT_AVD,IS,2011,11.4
TRN_BUS_TOT_AVD,IT,2011,18.9
TRN_BUS_TOT_AVD,LT,2011,9.2
TRN_BUS_TOT_AVD,LU,2011,16.9
TRN_BUS_TOT_AVD,LV,2011,23.8
TRN_BUS_TOT_AVD,ME,2011,3.6
TRN_BUS_TOT_AVD,MK,2011,25.1
TRN_BUS_TOT_AVD,MT,2011,17.6
TRN_BUS_TOT_AVD,NL,2011,13.5
TRN_BUS_TOT_AVD,NO,2011,11.6
TRN_BUS_TOT_AVD,PL,2011,22.6
TRN_BUS_TOT_AVD,PT,2011,10.8
TRN_BUS_TOT_AVD,RO,2011,21.5
TRN_BUS_TOT_AVD,RS,2011,16.6
TRN_BUS_TOT_AVD,SE,2011,16.2
TRN_BUS_TOT_AVD,SI,2011,13.4
TRN_BUS_TOT_AVD,SK,2011,22.7
TRN_BUS_TOT_AVD,TR,2011,40.8
TRN_BUS_TOT_AVD,UK,2011,13.7
BUS_TOT,AT,2010,9.3
BUS_TOT,BE,2010,12.7
BUS_TOT,BG,2010,16.4
BUS_TOT,CH,2010,5.1
BUS_TOT,CY,2010,18.1
BUS_TOT,CZ,2010,19.5
BUS_TOT,DE,2010,6.0
BUS_TOT,DK,2010,10.5
BUS_TOT,EE,2010,16.6
BUS_TOT,EL,2010,17.3
BUS_TOT,ES,2010,12.3
BUS_TOT,EU27_2020,2010,9.8
BUS_TOT,EU28,2010,9.3
BUS_TOT,FI,2010,9.9
BUS_TOT,FR,2010,5.3
BUS_TOT,HR,2010,10.7
BUS_TOT,HU,2010,21.5
BUS_TOT,IE,2010,14.5
BUS_TOT,IS,2010,11.4
BUS_TOT,IT,2010,12.8
BUS_TOT,LT,2010,7.6
BUS_TOT,LU,2010,12.1
BUS_TOT,LV,2010,17.1
BUS_TOT,ME,2010,1.9
BUS_TOT,MK,2010,22.9
BUS_TOT,MT,2010,18.5
BUS_TOT,NL,2010,2.9
BUS_TOT,NO,2010,6.9
BUS_TOT,PL,2010,16.8
BUS_TOT,PT,2010,6.5
BUS_TOT,RO,2010,16.3
BUS_TOT,RS,2010,13
BUS_TOT,SE,2010,7.3
BUS_TOT,SI,2010,10.8
BUS_TOT,SK,2010,15.3
BUS_TOT,TR,2010,38.3
BUS_TOT,UK,2010,6.2
CAR,AT,2010,79.6
CAR,BE,2010,79.7
CAR,BG,2010,80
CAR,CH,2010,77.3
CAR,CY,2010,81.9
CAR,CZ,2010,73
CAR,DE,2010,86.0
CAR,DK,2010,79.7
CAR,EE,2010,81.4
CAR,EL,2010,81.6
CAR,ES,2010,82.3
CAR,EU27_2020,2010,83
CAR,EU28,2010,83.5
CAR,FI,2010,84.9
CAR,FR,2010,85.5
CAR,HR,2010,83.7
CAR,HU,2010,68.6
CAR,IE,2010,82.6
CAR,IS,2010,88.6
CAR,IT,2010,81.7
CAR,LT,2010,91.7
CAR,LU,2010,83.5
CAR,LV,2010,78.2
CAR,ME,2010,96
CAR,MK,2010,74.6
CAR,MT,2010,81.5
CAR,NL,2010,86.9
CAR,NO,2010,88.3
CAR,PL,2010,76.1
CAR,PT,2010,89.1
CAR,RO,2010,78
CAR,RS,2010,85.5
CAR,SE,2010,84.0
CAR,SI,2010,86.8
CAR,SK,2010,78
CAR,TR,2010,59.3
CAR,UK,2010,86.3
TRN,AT,2010,11.1
TRN,BE,2010,7.6
TRN,BG,2010,3.6
TRN,CH,2010,17.6
TRN,CZ,2010,7.5
TRN,DE,2010,8
TRN,DK,2010,9.8
TRN,EE,2010,2
TRN,EL,2010,1.1
TRN,ES,2010,5.4
TRN,EU27_2020,2010,7.1
TRN,EU28,2010,7.2
TRN,FI,2010,5.2
TRN,FR,2010,9.3
TRN,HR,2010,5.6
TRN,HU,2010,10
TRN,IE,2010,2.9
TRN,IT,2010,5.5
TRN,LT,2010,0.7
TRN,LU,2010,4.5
TRN,LV,2010,4.7
TRN,ME,2010,2.1
TRN,MK,2010,2.5
TRN,NL,2010,10.2
TRN,NO,2010,4.8
TRN,PL,2010,7.1
TRN,PT,2010,4.4
TRN,RO,2010,5.6
TRN,RS,2010,1.5
TRN,SE,2010,8.7
TRN,SI,2010,2.5
TRN,SK,2010,6.7
TRN,TR,2010,2.4
TRN,UK,2010,7.5
TRN_BUS_TOT_AVD,AT,2010,20.4
TRN_BUS_TOT_AVD,BE,2010,20.3
TRN_BUS_TOT_AVD,BG,2010,20
TRN_BUS_TOT_AVD,CH,2010,22.7
TRN_BUS_TOT_AVD,CY,2010,18.1
TRN_BUS_TOT_AVD,CZ,2010,27
TRN_BUS_TOT_AVD,DE,2010,14.0
TRN_BUS_TOT_AVD,DK,2010,20.3
TRN_BUS_TOT_AVD,EE,2010,18.6
TRN_BUS_TOT_AVD,EL,2010,18.4
TRN_BUS_TOT_AVD,ES,2010,17.7
TRN_BUS_TOT_AVD,EU27_2020,2010,17
TRN_BUS_TOT_AVD,EU28,2010,16.5
TRN_BUS_TOT_AVD,FI,2010,15.1
TRN_BUS_TOT_AVD,FR,2010,14.5
TRN_BUS_TOT_AVD,HR,2010,16.3
TRN_BUS_TOT_AVD,HU,2010,31.4
TRN_BUS_TOT_AVD,IE,2010,17.4
TRN_BUS_TOT_AVD,IS,2010,11.4
TRN_BUS_TOT_AVD,IT,2010,18.3
TRN_BUS_TOT_AVD,LT,2010,8.3
TRN_BUS_TOT_AVD,LU,2010,16.5
TRN_BUS_TOT_AVD,LV,2010,21.8
TRN_BUS_TOT_AVD,ME,2010,4
TRN_BUS_TOT_AVD,MK,2010,25.4
TRN_BUS_TOT_AVD,MT,2010,18.5
TRN_BUS_TOT_AVD,NL,2010,13.1
TRN_BUS_TOT_AVD,NO,2010,11.7
TRN_BUS_TOT_AVD,PL,2010,23.9
TRN_BUS_TOT_AVD,PT,2010,10.9
TRN_BUS_TOT_AVD,RO,2010,22
TRN_BUS_TOT_AVD,RS,2010,14.5
TRN_BUS_TOT_AVD,SE,2010,16.0
TRN_BUS_TOT_AVD,SI,2010,13.2
TRN_BUS_TOT_AVD,SK,2010,22
TRN_BUS_TOT_AVD,TR,2010,40.7
TRN_BUS_TOT_AVD,UK,2010,13.7
BUS_TOT,AT,2009,9.1
BUS_TOT,BE,2009,13.0
BUS_TOT,BG,2009,16.8
BUS_TOT,CH,2009,5.1
BUS_TOT,CY,2009,17.6
BUS_TOT,CZ,2009,16.9
BUS_TOT,DE,2009,6.1
BUS_TOT,DK,2009,10.4
BUS_TOT,EE,2009,16.4
BUS_TOT,EL,2009,16.9
BUS_TOT,ES,2009,13.3
BUS_TOT,EU27_2020,2009,9.7
BUS_TOT,EU28,2009,9.2
BUS_TOT,FI,2009,10.0
BUS_TOT,FR,2009,5.2
BUS_TOT,HR,2009,10.7
BUS_TOT,HU,2009,20.7
BUS_TOT,IE,2009,15
BUS_TOT,IS,2009,11.4
BUS_TOT,IT,2009,11.7
BUS_TOT,LT,2009,7.1
BUS_TOT,LU,2009,11.4
BUS_TOT,LV,2009,15.1
BUS_TOT,ME,2009,
BUS_TOT,MK,2009,21.6
BUS_TOT,MT,2009,18.1
BUS_TOT,NL,2009,3.5
BUS_TOT,NO,2009,6.7
BUS_TOT,PL,2009,17.9
BUS_TOT,PT,2009,6.2
BUS_TOT,RO,2009,13.6
BUS_TOT,RS,2009,
BUS_TOT,SE,2009,6.6
BUS_TOT,SI,2009,10.7
BUS_TOT,SK,2009,15.8
BUS_TOT,TR,2009,40.6
BUS_TOT,UK,2009,6
CAR,AT,2009,79.7
CAR,BE,2009,79.5
CAR,BG,2009,79.5
CAR,CH,2009,77.5
CAR,CY,2009,82.4
CAR,CZ,2009,76.2
CAR,DE,2009,86.0
CAR,DK,2009,80.1
CAR,EE,2009,81.6
CAR,EL,2009,81.9
CAR,ES,2009,81.4
CAR,EU27_2020,2009,83.2
CAR,EU28,2009,83.7
CAR,FI,2009,84.9
CAR,FR,2009,85.4
CAR,HR,2009,83.6
CAR,HU,2009,69.1
CAR,IE,2009,82.1
CAR,IS,2009,88.6
CAR,IT,2009,82.8
CAR,LT,2009,92.3
CAR,LU,2009,84.3
CAR,LV,2009,80.2
CAR,ME,2009,
CAR,MK,2009,75.6
CAR,MT,2009,81.9
CAR,NL,2009,87.3
CAR,NO,2009,88.6
CAR,PL,2009,74.7
CAR,PT,2009,89.4
CAR,RO,2009,80
CAR,RS,2009,
CAR,SE,2009,84.5
CAR,SI,2009,86.7
CAR,SK,2009,77.6
CAR,TR,2009,56.9
CAR,UK,2009,87
TRN,AT,2009,11.2
TRN,BE,2009,7.5
TRN,BG,2009,3.7
TRN,CH,2009,17.4
TRN,CZ,2009,6.8
TRN,DE,2009,7.9
TRN,DK,2009,9.5
TRN,EE,2009,1.9
TRN,EL,2009,1.2
TRN,ES,2009,5.4
TRN,EU27_2020,2009,7.1
TRN,EU28,2009,7.1
TRN,FI,2009,5.1
TRN,FR,2009,9.4
TRN,HR,2009,5.6
TRN,HU,2009,10.2
TRN,IE,2009,2.8
TRN,IT,2009,5.5
TRN,LT,2009,0.6
TRN,LU,2009,4.3
TRN,LV,2009,4.7
TRN,ME,2009,
TRN,MK,2009,2.8
TRN,NL,2009,9.2
TRN,NO,2009,4.7
TRN,PL,2009,7.4
TRN,PT,2009,4.4
TRN,RO,2009,6.5
TRN,RS,2009,
TRN,SE,2009,8.8
TRN,SI,2009,2.6
TRN,SK,2009,6.6
TRN,TR,2009,2.5
TRN,UK,2009,6.9
TRN_BUS_TOT_AVD,AT,2009,20.3
TRN_BUS_TOT_AVD,BE,2009,20.5
TRN_BUS_TOT_AVD,BG,2009,20.5
TRN_BUS_TOT_AVD,CH,2009,22.5
TRN_BUS_TOT_AVD,CY,2009,17.6
TRN_BUS_TOT_AVD,CZ,2009,23.8
TRN_BUS_TOT_AVD,DE,2009,14.0
TRN_BUS_TOT_AVD,DK,2009,19.9
TRN_BUS_TOT_AVD,EE,2009,18.4
TRN_BUS_TOT_AVD,EL,2009,18.1
TRN_BUS_TOT_AVD,ES,2009,18.6
TRN_BUS_TOT_AVD,EU27_2020,2009,16.8
TRN_BUS_TOT_AVD,EU28,2009,16.3
TRN_BUS_TOT_AVD,FI,2009,15.1
TRN_BUS_TOT_AVD,FR,2009,14.6
TRN_BUS_TOT_AVD,HR,2009,16.4
TRN_BUS_TOT_AVD,HU,2009,30.9
TRN_BUS_TOT_AVD,IE,2009,17.9
TRN_BUS_TOT_AVD,IS,2009,11.4
TRN_BUS_TOT_AVD,IT,2009,17.2
TRN_BUS_TOT_AVD,LT,2009,7.7
TRN_BUS_TOT_AVD,LU,2009,15.7
TRN_BUS_TOT_AVD,LV,2009,19.8
TRN_BUS_TOT_AVD,ME,2009,
TRN_BUS_TOT_AVD,MK,2009,24.4
TRN_BUS_TOT_AVD,MT,2009,18.1
TRN_BUS_TOT_AVD,NL,2009,12.7
TRN_BUS_TOT_AVD,NO,2009,11.4
TRN_BUS_TOT_AVD,PL,2009,25.3
TRN_BUS_TOT_AVD,PT,2009,10.6
TRN_BUS_TOT_AVD,RO,2009,20
TRN_BUS_TOT_AVD,RS,2009,
TRN_BUS_TOT_AVD,SE,2009,15.5
TRN_BUS_TOT_AVD,SI,2009,13.3
TRN_BUS_TOT_AVD,SK,2009,22.4
TRN_BUS_TOT_AVD,TR,2009,43.1
TRN_BUS_TOT_AVD,UK,2009,13
BUS_TOT,AT,2008,10
BUS_TOT,BE,2008,13.0
BUS_TOT,BG,2008,20.8
BUS_TOT,CH,2008,5.2
BUS_TOT,CY,2008,18.8
BUS_TOT,CZ,2008,16.9
BUS_TOT,DE,2008,6.3
BUS_TOT,DK,2008,10.5
BUS_TOT,EE,2008,18.5
BUS_TOT,EL,2008,17.9
BUS_TOT,ES,2008,14.3
BUS_TOT,EU27_2020,2008,10.4
BUS_TOT,EU28,2008,9.8
BUS_TOT,FI,2008,10.1
BUS_TOT,FR,2008,5.7
BUS_TOT,HR,2008,12.5
BUS_TOT,HU,2008,22.1
BUS_TOT,IE,2008,14.4
BUS_TOT,IS,2008,11.4
BUS_TOT,IT,2008,12.4
BUS_TOT,LT,2008,8.2
BUS_TOT,LU,2008,11.4
BUS_TOT,LV,2008,16.1
BUS_TOT,ME,2008,
BUS_TOT,MK,2008,22.1
BUS_TOT,MT,2008,19.2
BUS_TOT,NL,2008,3.5
BUS_TOT,NO,2008,6.7
BUS_TOT,PL,2008,19.9
BUS_TOT,PT,2008,6.4
BUS_TOT,RO,2008,15.2
BUS_TOT,RS,2008,
BUS_TOT,SE,2008,6.7
BUS_TOT,SI,2008,10.9
BUS_TOT,SK,2008,20.6
BUS_TOT,TR,2008,41.3
BUS_TOT,UK,2008,5.9
CAR,AT,2008,78.8
CAR,BE,2008,79.6
CAR,BG,2008,75.1
CAR,CH,2008,77.8
CAR,CY,2008,81.2
CAR,CZ,2008,76.0
CAR,DE,2008,85.6
CAR,DK,2008,79.8
CAR,EE,2008,79.4
CAR,EL,2008,80.8
CAR,ES,2008,80.3
CAR,EU27_2020,2008,82.2
CAR,EU28,2008,82.9
CAR,FI,2008,84.5
CAR,FR,2008,84.2
CAR,HR,2008,82.2
CAR,HU,2008,67.5
CAR,IE,2008,82.3
CAR,IS,2008,88.6
CAR,IT,2008,81.7
CAR,LT,2008,91.2
CAR,LU,2008,84.2
CAR,LV,2008,78.7
CAR,ME,2008,
CAR,MK,2008,75.2
CAR,MT,2008,80.8
CAR,NL,2008,87.3
CAR,NO,2008,88.5
CAR,PL,2008,71.9
CAR,PT,2008,89.2
CAR,RO,2008,77.2
CAR,RS,2008,
CAR,SE,2008,84.6
CAR,SI,2008,86.4
CAR,SK,2008,73
CAR,TR,2008,56.3
CAR,UK,2008,87.2
TRN,AT,2008,11.1
TRN,BE,2008,7.5
TRN,BG,2008,4
TRN,CH,2008,17.1
TRN,CZ,2008,7.1
TRN,DE,2008,8.1
TRN,DK,2008,9.7
TRN,EE,2008,2.1
TRN,EL,2008,1.3
TRN,ES,2008,5.5
TRN,EU27_2020,2008,7.4
TRN,EU28,2008,7.4
TRN,FI,2008,5.4
TRN,FR,2008,10.1
TRN,HR,2008,5.4
TRN,HU,2008,10.4
TRN,IE,2008,3.3
TRN,IT,2008,6
TRN,LT,2008,0.6
TRN,LU,2008,4.3
TRN,LV,2008,5.2
TRN,ME,2008,
TRN,MK,2008,2.6
TRN,NL,2008,9.2
TRN,NO,2008,4.8
TRN,PL,2008,8.2
TRN,PT,2008,4.3
TRN,RO,2008,7.6
TRN,RS,2008,
TRN,SE,2008,8.7
TRN,SI,2008,2.7
TRN,SK,2008,6.4
TRN,TR,2008,2.4
TRN,UK,2008,6.9
TRN_BUS_TOT_AVD,AT,2008,21.2
TRN_BUS_TOT_AVD,BE,2008,20.4
TRN_BUS_TOT_AVD,BG,2008,24.9
TRN_BUS_TOT_AVD,CH,2008,22.2
TRN_BUS_TOT_AVD,CY,2008,18.8
TRN_BUS_TOT_AVD,CZ,2008,24.0
TRN_BUS_TOT_AVD,DE,2008,14.4
TRN_BUS_TOT_AVD,DK,2008,20.2
TRN_BUS_TOT_AVD,EE,2008,20.6
TRN_BUS_TOT_AVD,EL,2008,19.2
TRN_BUS_TOT_AVD,ES,2008,19.7
TRN_BUS_TOT_AVD,EU27_2020,2008,17.8
TRN_BUS_TOT_AVD,EU28,2008,17.1
TRN_BUS_TOT_AVD,FI,2008,15.5
TRN_BUS_TOT_AVD,FR,2008,15.8
TRN_BUS_TOT_AVD,HR,2008,17.8
TRN_BUS_TOT_AVD,HU,2008,32.5
TRN_BUS_TOT_AVD,IE,2008,17.7
TRN_BUS_TOT_AVD,IS,2008,11.4
TRN_BUS_TOT_AVD,IT,2008,18.3
TRN_BUS_TOT_AVD,LT,2008,8.8
TRN_BUS_TOT_AVD,LU,2008,15.8
TRN_BUS_TOT_AVD,LV,2008,21.3
TRN_BUS_TOT_AVD,ME,2008,
TRN_BUS_TOT_AVD,MK,2008,24.8
TRN_BUS_TOT_AVD,MT,2008,19.2
TRN_BUS_TOT_AVD,NL,2008,12.7
TRN_BUS_TOT_AVD,NO,2008,11.5
TRN_BUS_TOT_AVD,PL,2008,28.1
TRN_BUS_TOT_AVD,PT,2008,10.8
TRN_BUS_TOT_AVD,RO,2008,22.8
TRN_BUS_TOT_AVD,RS,2008,
TRN_BUS_TOT_AVD,SE,2008,15.4
TRN_BUS_TOT_AVD,SI,2008,13.6
TRN_BUS_TOT_AVD,SK,2008,27
TRN_BUS_TOT_AVD,TR,2008,43.7
TRN_BUS_TOT_AVD,UK,2008,12.8
BUS_TOT,AT,2007,10.6
BUS_TOT,BE,2007,14.1
BUS_TOT,BG,2007,21.8
BUS_TOT,CH,2007,5.5
BUS_TOT,CY,2007,19.7
BUS_TOT,CZ,2007,17.0
BUS_TOT,DE,2007,6.5
BUS_TOT,DK,2007,10.7
BUS_TOT,EE,2007,20.7
BUS_TOT,EL,2007,18.5
BUS_TOT,ES,2007,14.0
BUS_TOT,EU27_2020,2007,10.4
BUS_TOT,EU28,2007,9.8
BUS_TOT,FI,2007,10.0
BUS_TOT,FR,2007,5.5
BUS_TOT,HR,2007,12.1
BUS_TOT,HU,2007,21.5
BUS_TOT,IE,2007,14.2
BUS_TOT,IS,2007,11.4
BUS_TOT,IT,2007,12.4
BUS_TOT,LT,2007,8.4
BUS_TOT,LU,2007,11.1
BUS_TOT,LV,2007,15.7
BUS_TOT,ME,2007,
BUS_TOT,MK,2007,20.1
BUS_TOT,MT,2007,19.4
BUS_TOT,NL,2007,3.4
BUS_TOT,NO,2007,6.7
BUS_TOT,PL,2007,20.8
BUS_TOT,PT,2007,6.5
BUS_TOT,RO,2007,14
BUS_TOT,RS,2007,
BUS_TOT,SE,2007,6.8
BUS_TOT,SI,2007,11.4
BUS_TOT,SK,2007,22.0
BUS_TOT,TR,2007,42.4
BUS_TOT,UK,2007,5.5
CAR,AT,2007,79.3
CAR,BE,2007,78.8
CAR,BG,2007,73.8
CAR,CH,2007,77.4
CAR,CY,2007,80.3
CAR,CZ,2007,75.7
CAR,DE,2007,85.7
CAR,DK,2007,79.6
CAR,EE,2007,77.2
CAR,EL,2007,79.9
CAR,ES,2007,81.0
CAR,EU27_2020,2007,82.3
CAR,EU28,2007,83.1
CAR,FI,2007,84.9
CAR,FR,2007,84.9
CAR,HR,2007,82.9
CAR,HU,2007,67.6
CAR,IE,2007,82.3
CAR,IS,2007,88.6
CAR,IT,2007,81.6
CAR,LT,2007,91.0
CAR,LU,2007,84.9
CAR,LV,2007,79.4
CAR,ME,2007,
CAR,MK,2007,77.8
CAR,MT,2007,80.6
CAR,NL,2007,87.1
CAR,NO,2007,88.7
CAR,PL,2007,70.7
CAR,PT,2007,89.4
CAR,RO,2007,77.5
CAR,RS,2007,
CAR,SE,2007,85.2
CAR,SI,2007,86.0
CAR,SK,2007,72.0
CAR,TR,2007,54.9
CAR,UK,2007,87.9
TRN,AT,2007,10.1
TRN,BE,2007,7.1
TRN,BG,2007,4.4
TRN,CH,2007,17
TRN,CZ,2007,7.3
TRN,DE,2007,7.8
TRN,DK,2007,9.7
TRN,EE,2007,2.1
TRN,EL,2007,1.6
TRN,ES,2007,5
TRN,EU27_2020,2007,7.2
TRN,EU28,2007,7.1
TRN,FI,2007,5
TRN,FR,2007,9.6
TRN,HR,2007,5
TRN,HU,2007,11
TRN,IE,2007,3.4
TRN,IT,2007,6
TRN,LT,2007,0.6
TRN,LU,2007,4.1
TRN,LV,2007,4.9
TRN,ME,2007,
TRN,MK,2007,2.1
TRN,NL,2007,9.6
TRN,NO,2007,4.6
TRN,PL,2007,8.5
TRN,PT,2007,4.1
TRN,RO,2007,8.6
TRN,RS,2007,
TRN,SE,2007,8
TRN,SI,2007,2.6
TRN,SK,2007,6
TRN,TR,2007,2.7
TRN,UK,2007,6.6
TRN_BUS_TOT_AVD,AT,2007,20.7
TRN_BUS_TOT_AVD,BE,2007,21.2
TRN_BUS_TOT_AVD,BG,2007,26.2
TRN_BUS_TOT_AVD,CH,2007,22.6
TRN_BUS_TOT_AVD,CY,2007,19.7
TRN_BUS_TOT_AVD,CZ,2007,24.3
TRN_BUS_TOT_AVD,DE,2007,14.3
TRN_BUS_TOT_AVD,DK,2007,20.4
TRN_BUS_TOT_AVD,EE,2007,22.8
TRN_BUS_TOT_AVD,EL,2007,20.1
TRN_BUS_TOT_AVD,ES,2007,19.0
TRN_BUS_TOT_AVD,EU27_2020,2007,17.7
TRN_BUS_TOT_AVD,EU28,2007,16.9
TRN_BUS_TOT_AVD,FI,2007,15.1
TRN_BUS_TOT_AVD,FR,2007,15.1
TRN_BUS_TOT_AVD,HR,2007,17.1
TRN_BUS_TOT_AVD,HU,2007,32.4
TRN_BUS_TOT_AVD,IE,2007,17.7
TRN_BUS_TOT_AVD,IS,2007,11.4
TRN_BUS_TOT_AVD,IT,2007,18.4
TRN_BUS_TOT_AVD,LT,2007,9.0
TRN_BUS_TOT_AVD,LU,2007,15.1
TRN_BUS_TOT_AVD,LV,2007,20.6
TRN_BUS_TOT_AVD,ME,2007,
TRN_BUS_TOT_AVD,MK,2007,22.2
TRN_BUS_TOT_AVD,MT,2007,19.4
TRN_BUS_TOT_AVD,NL,2007,12.9
TRN_BUS_TOT_AVD,NO,2007,11.3
TRN_BUS_TOT_AVD,PL,2007,29.3
TRN_BUS_TOT_AVD,PT,2007,10.6
TRN_BUS_TOT_AVD,RO,2007,22.5
TRN_BUS_TOT_AVD,RS,2007,
TRN_BUS_TOT_AVD,SE,2007,14.8
TRN_BUS_TOT_AVD,SI,2007,14.0
TRN_BUS_TOT_AVD,SK,2007,28.0
TRN_BUS_TOT_AVD,TR,2007,45.1
TRN_BUS_TOT_AVD,UK,2007,12.1
BUS_TOT,AT,2006,10.6
BUS_TOT,BE,2006,13.9
BUS_TOT,BG,2006,22.7
BUS_TOT,CH,2006,5.6
BUS_TOT,CY,2006,20.4
BUS_TOT,CZ,2006,17.3
BUS_TOT,DE,2006,6.6
BUS_TOT,DK,2006,11.2
BUS_TOT,EE,2006,19.9
BUS_TOT,EL,2006,19.2
BUS_TOT,ES,2006,12.0
BUS_TOT,EU27_2020,2006,10.2
BUS_TOT,EU28,2006,9.6
BUS_TOT,FI,2006,10.3
BUS_TOT,FR,2006,5.3
BUS_TOT,HR,2006,11.8
BUS_TOT,HU,2006,22.5
BUS_TOT,IE,2006,14.4
BUS_TOT,IS,2006,11.4
BUS_TOT,IT,2006,12.4
BUS_TOT,LT,2006,8.0
BUS_TOT,LU,2006,10.8
BUS_TOT,LV,2006,18
BUS_TOT,ME,2006,
BUS_TOT,MK,2006,17.8
BUS_TOT,MT,2006,19.6
BUS_TOT,NL,2006,3.5
BUS_TOT,NO,2006,6.9
BUS_TOT,PL,2006,17
BUS_TOT,PT,2006,6.3
BUS_TOT,RO,2006,14
BUS_TOT,RS,2006,
BUS_TOT,SE,2006,7.0
BUS_TOT,SI,2006,11.7
BUS_TOT,SK,2006,23.3
BUS_TOT,TR,2006,43.4
BUS_TOT,UK,2006,5.5
CAR,AT,2006,79.5
CAR,BE,2006,79.2
CAR,BG,2006,72.6
CAR,CH,2006,77.9
CAR,CY,2006,79.6
CAR,CZ,2006,75.2
CAR,DE,2006,85.6
CAR,DK,2006,79.1
CAR,EE,2006,78.0
CAR,EL,2006,79.2
CAR,ES,2006,82.8
CAR,EU27_2020,2006,82.6
CAR,EU28,2006,83.4
CAR,FI,2006,84.9
CAR,FR,2006,85.3
CAR,HR,2006,83.7
CAR,HU,2006,65.6
CAR,IE,2006,82.3
CAR,IS,2006,88.6
CAR,IT,2006,81.5
CAR,LT,2006,91.4
CAR,LU,2006,85.3
CAR,LV,2006,76.6
CAR,ME,2006,
CAR,MK,2006,80.4
CAR,MT,2006,80.4
CAR,NL,2006,87.2
CAR,NO,2006,88.6
CAR,PL,2006,76.6
CAR,PT,2006,89.6
CAR,RO,2006,76.4
CAR,RS,2006,
CAR,SE,2006,85.4
CAR,SI,2006,85.6
CAR,SK,2006,70.7
CAR,TR,2006,53.9
CAR,UK,2006,88.3
TRN,AT,2006,10
TRN,BE,2006,6.9
TRN,BG,2006,4.7
TRN,CH,2006,16.5
TRN,CZ,2006,7.5
TRN,DE,2006,7.8
TRN,DK,2006,9.7
TRN,EE,2006,2
TRN,EL,2006,1.6
TRN,ES,2006,5.2
TRN,EU27_2020,2006,7.1
TRN,EU28,2006,7
TRN,FI,2006,4.8
TRN,FR,2006,9.4
TRN,HR,2006,4.4
TRN,HU,2006,11.9
TRN,IE,2006,3.3
TRN,IT,2006,6.1
TRN,LT,2006,0.6
TRN,LU,2006,3.9
TRN,LV,2006,5.4
TRN,ME,2006,
TRN,MK,2006,1.8
TRN,NL,2006,9.4
TRN,NO,2006,4.6
TRN,PL,2006,6.4
TRN,PT,2006,4
TRN,RO,2006,9.6
TRN,RS,2006,
TRN,SE,2006,7.7
TRN,SI,2006,2.7
TRN,SK,2006,5.9
TRN,TR,2006,2.6
TRN,UK,2006,6.2
TRN_BUS_TOT_AVD,AT,2006,20.5
TRN_BUS_TOT_AVD,BE,2006,20.8
TRN_BUS_TOT_AVD,BG,2006,27.4
TRN_BUS_TOT_AVD,CH,2006,22.1
TRN_BUS_TOT_AVD,CY,2006,20.4
TRN_BUS_TOT_AVD,CZ,2006,24.8
TRN_BUS_TOT_AVD,DE,2006,14.4
TRN_BUS_TOT_AVD,DK,2006,20.9
TRN_BUS_TOT_AVD,EE,2006,22.0
TRN_BUS_TOT_AVD,EL,2006,20.8
TRN_BUS_TOT_AVD,ES,2006,17.2
TRN_BUS_TOT_AVD,EU27_2020,2006,17.4
TRN_BUS_TOT_AVD,EU28,2006,16.6
TRN_BUS_TOT_AVD,FI,2006,15.1
TRN_BUS_TOT_AVD,FR,2006,14.7
TRN_BUS_TOT_AVD,HR,2006,16.3
TRN_BUS_TOT_AVD,HU,2006,34.4
TRN_BUS_TOT_AVD,IE,2006,17.7
TRN_BUS_TOT_AVD,IS,2006,11.4
TRN_BUS_TOT_AVD,IT,2006,18.5
TRN_BUS_TOT_AVD,LT,2006,8.6
TRN_BUS_TOT_AVD,LU,2006,14.7
TRN_BUS_TOT_AVD,LV,2006,23.4
TRN_BUS_TOT_AVD,ME,2006,
TRN_BUS_TOT_AVD,MK,2006,19.6
TRN_BUS_TOT_AVD,MT,2006,19.6
TRN_BUS_TOT_AVD,NL,2006,12.8
TRN_BUS_TOT_AVD,NO,2006,11.4
TRN_BUS_TOT_AVD,PL,2006,23.4
TRN_BUS_TOT_AVD,PT,2006,10.4
TRN_BUS_TOT_AVD,RO,2006,23.6
TRN_BUS_TOT_AVD,RS,2006,
TRN_BUS_TOT_AVD,SE,2006,14.6
TRN_BUS_TOT_AVD,SI,2006,14.4
TRN_BUS_TOT_AVD,SK,2006,29.3
TRN_BUS_TOT_AVD,TR,2006,46.1
TRN_BUS_TOT_AVD,UK,2006,11.7
BUS_TOT,AT,2005,10.4
BUS_TOT,BE,2005,13.6
BUS_TOT,BG,2005,24.3
BUS_TOT,CH,2005,5.3
BUS_TOT,CY,2005,20.8
BUS_TOT,CZ,2005,17.2
BUS_TOT,DE,2005,6.7
BUS_TOT,DK,2005,11.4
BUS_TOT,EE,2005,22.4
BUS_TOT,EL,2005,20
BUS_TOT,ES,2005,12.9
BUS_TOT,EU27_2020,2005,10.4
BUS_TOT,EU28,2005,9.8
BUS_TOT,FI,2005,10.3
BUS_TOT,FR,2005,5.2
BUS_TOT,HR,2005,11.9
BUS_TOT,HU,2005,23.2
BUS_TOT,IE,2005,14.6
BUS_TOT,IS,2005,11.4
BUS_TOT,IT,2005,12.2
BUS_TOT,LT,2005,9.5
BUS_TOT,LU,2005,10.9
BUS_TOT,LV,2005,21.1
BUS_TOT,ME,2005,
BUS_TOT,MK,2005,19.1
BUS_TOT,MT,2005,19.7
BUS_TOT,NL,2005,3.8
BUS_TOT,NO,2005,7.1
BUS_TOT,PL,2005,18.6
BUS_TOT,PT,2005,6.7
BUS_TOT,RO,2005,14.6
BUS_TOT,RS,2005,
BUS_TOT,SE,2005,7.0
BUS_TOT,SI,2005,11.6
BUS_TOT,SK,2005,24.8
BUS_TOT,TR,2005,45
BUS_TOT,UK,2005,5.8
CAR,AT,2005,79.8
CAR,BE,2005,79.8
CAR,BG,2005,70.9
CAR,CH,2005,78.4
CAR,CY,2005,79.2
CAR,CZ,2005,75.5
CAR,DE,2005,85.8
CAR,DK,2005,79.1
CAR,EE,2005,75.7
CAR,EL,2005,78.3
CAR,ES,2005,82.0
CAR,EU27_2020,2005,82.6
CAR,EU28,2005,83.4
CAR,FI,2005,84.9
CAR,FR,2005,85.8
CAR,HR,2005,83.8
CAR,HU,2005,64.2
CAR,IE,2005,82.1
CAR,IS,2005,88.6
CAR,IT,2005,81.8
CAR,LT,2005,89.8
CAR,LU,2005,85.5
CAR,LV,2005,73.5
CAR,ME,2005,
CAR,MK,2005,79.2
CAR,MT,2005,80.3
CAR,NL,2005,87.3
CAR,NO,2005,88.5
CAR,PL,2005,74.6
CAR,PT,2005,89.3
CAR,RO,2005,75.5
CAR,RS,2005,
CAR,SE,2005,85.9
CAR,SI,2005,85.6
CAR,SK,2005,69.4
CAR,TR,2005,52.3
CAR,UK,2005,88.3
TRN,AT,2005,9.8
TRN,BE,2005,6.6
TRN,BG,2005,4.8
TRN,CH,2005,16.3
TRN,CZ,2005,7.3
TRN,DE,2005,7.5
TRN,DK,2005,9.5
TRN,EE,2005,1.9
TRN,EL,2005,1.7
TRN,ES,2005,5.1
TRN,EU27_2020,2005,7
TRN,EU28,2005,6.9
TRN,FI,2005,4.8
TRN,FR,2005,9.1
TRN,HR,2005,4.3
TRN,HU,2005,12.6
TRN,IE,2005,3.3
TRN,IT,2005,6
TRN,LT,2005,0.7
TRN,LU,2005,3.6
TRN,LV,2005,5.4
TRN,ME,2005,
TRN,MK,2005,1.7
TRN,NL,2005,8.9
TRN,NO,2005,4.5
TRN,PL,2005,6.8
TRN,PT,2005,4
TRN,RO,2005,9.9
TRN,RS,2005,
TRN,SE,2005,7.1
TRN,SI,2005,2.7
TRN,SK,2005,5.9
TRN,TR,2005,2.6
TRN,UK,2005,5.9
TRN_BUS_TOT_AVD,AT,2005,20.2
TRN_BUS_TOT_AVD,BE,2005,20.2
TRN_BUS_TOT_AVD,BG,2005,29.1
TRN_BUS_TOT_AVD,CH,2005,21.6
TRN_BUS_TOT_AVD,CY,2005,20.8
TRN_BUS_TOT_AVD,CZ,2005,24.5
TRN_BUS_TOT_AVD,DE,2005,14.2
TRN_BUS_TOT_AVD,DK,2005,20.9
TRN_BUS_TOT_AVD,EE,2005,24.3
TRN_BUS_TOT_AVD,EL,2005,21.7
TRN_BUS_TOT_AVD,ES,2005,18.0
TRN_BUS_TOT_AVD,EU27_2020,2005,17.4
TRN_BUS_TOT_AVD,EU28,2005,16.6
TRN_BUS_TOT_AVD,FI,2005,15.1
TRN_BUS_TOT_AVD,FR,2005,14.2
TRN_BUS_TOT_AVD,HR,2005,16.2
TRN_BUS_TOT_AVD,HU,2005,35.8
TRN_BUS_TOT_AVD,IE,2005,17.9
TRN_BUS_TOT_AVD,IS,2005,11.4
TRN_BUS_TOT_AVD,IT,2005,18.2
TRN_BUS_TOT_AVD,LT,2005,10.2
TRN_BUS_TOT_AVD,LU,2005,14.5
TRN_BUS_TOT_AVD,LV,2005,26.5
TRN_BUS_TOT_AVD,ME,2005,
TRN_BUS_TOT_AVD,MK,2005,20.8
TRN_BUS_TOT_AVD,MT,2005,19.7
TRN_BUS_TOT_AVD,NL,2005,12.7
TRN_BUS_TOT_AVD,NO,2005,11.5
TRN_BUS_TOT_AVD,PL,2005,25.4
TRN_BUS_TOT_AVD,PT,2005,10.7
TRN_BUS_TOT_AVD,RO,2005,24.5
TRN_BUS_TOT_AVD,RS,2005,
TRN_BUS_TOT_AVD,SE,2005,14.1
TRN_BUS_TOT_AVD,SI,2005,14.4
TRN_BUS_TOT_AVD,SK,2005,30.6
TRN_BUS_TOT_AVD,TR,2005,47.7
TRN_BUS_TOT_AVD,UK,2005,11.7
BUS_TOT,AT,2004,10.6
BUS_TOT,BE,2004,13.2
BUS_TOT,BG,2004,25
BUS_TOT,CH,2004,5.2
BUS_TOT,CY,2004,21.2
BUS_TOT,CZ,2004,17.0
BUS_TOT,DE,2004,6.7
BUS_TOT,DK,2004,11.4
BUS_TOT,EE,2004,25.3
BUS_TOT,EL,2004,20.9
BUS_TOT,ES,2004,13.2
BUS_TOT,EU27_2020,2004,10.4
BUS_TOT,EU28,2004,9.7
BUS_TOT,FI,2004,10.6
BUS_TOT,FR,2004,5.1
BUS_TOT,HR,2004,12.1
BUS_TOT,HU,2004,23.4
BUS_TOT,IE,2004,15.1
BUS_TOT,IS,2004,11.4
BUS_TOT,IT,2004,11.1
BUS_TOT,LT,2004,12
BUS_TOT,LU,2004,10.8
BUS_TOT,LV,2004,21.1
BUS_TOT,ME,2004,
BUS_TOT,MK,2004,19.8
BUS_TOT,MT,2004,20.4
BUS_TOT,NL,2004,3.9
BUS_TOT,NO,2004,6.9
BUS_TOT,PL,2004,20.4
BUS_TOT,PT,2004,11.1
BUS_TOT,RO,2004,12.4
BUS_TOT,RS,2004,
BUS_TOT,SE,2004,7.1
BUS_TOT,SI,2004,12.4
BUS_TOT,SK,2004,26.2
BUS_TOT,TR,2004,45.9
BUS_TOT,UK,2004,5.6
CAR,AT,2004,79.9
CAR,BE,2004,79.6
CAR,BG,2004,69.8
CAR,CH,2004,79.6
CAR,CY,2004,78.8
CAR,CZ,2004,75.6
CAR,DE,2004,85.8
CAR,DK,2004,79.3
CAR,EE,2004,72.9
CAR,EL,2004,77.5
CAR,ES,2004,81.7
CAR,EU27_2020,2004,82.7
CAR,EU28,2004,83.5
CAR,FI,2004,84.8
CAR,FR,2004,86.2
CAR,HR,2004,83.8
CAR,HU,2004,63.2
CAR,IE,2004,81.9
CAR,IS,2004,88.6
CAR,IT,2004,83.4
CAR,LT,2004,87.1
CAR,LU,2004,85.6
CAR,LV,2004,73.8
CAR,ME,2004,
CAR,MK,2004,78.5
CAR,MT,2004,79.6
CAR,NL,2004,87.7
CAR,NO,2004,88.8
CAR,PL,2004,72.3
CAR,PT,2004,85.1
CAR,RO,2004,76.2
CAR,RS,2004,
CAR,SE,2004,85.9
CAR,SI,2004,84.9
CAR,SK,2004,67.8
CAR,TR,2004,51.3
CAR,UK,2004,88.7
TRN,AT,2004,9.5
TRN,BE,2004,7.1
TRN,BG,2004,5.1
TRN,CH,2004,15.3
TRN,CZ,2004,7.4
TRN,DE,2004,7.5
TRN,DK,2004,9.3
TRN,EE,2004,1.8
TRN,EL,2004,1.6
TRN,ES,2004,5
TRN,EU27_2020,2004,6.9
TRN,EU28,2004,6.7
TRN,FI,2004,4.7
TRN,FR,2004,8.7
TRN,HR,2004,4.2
TRN,HU,2004,13.4
TRN,IE,2004,3
TRN,IT,2004,5.5
TRN,LT,2004,1
TRN,LU,2004,3.6
TRN,LV,2004,5.2
TRN,ME,2004,
TRN,MK,2004,1.7
TRN,NL,2004,8.4
TRN,NO,2004,4.3
TRN,PL,2004,7.3
TRN,PT,2004,3.8
TRN,RO,2004,11.4
TRN,RS,2004,
TRN,SE,2004,6.9
TRN,SI,2004,2.7
TRN,SK,2004,6
TRN,TR,2004,2.8
TRN,UK,2004,5.7
TRN_BUS_TOT_AVD,AT,2004,20.1
TRN_BUS_TOT_AVD,BE,2004,20.4
TRN_BUS_TOT_AVD,BG,2004,30.2
TRN_BUS_TOT_AVD,CH,2004,20.4
TRN_BUS_TOT_AVD,CY,2004,21.2
TRN_BUS_TOT_AVD,CZ,2004,24.4
TRN_BUS_TOT_AVD,DE,2004,14.2
TRN_BUS_TOT_AVD,DK,2004,20.7
TRN_BUS_TOT_AVD,EE,2004,27.1
TRN_BUS_TOT_AVD,EL,2004,22.5
TRN_BUS_TOT_AVD,ES,2004,18.3
TRN_BUS_TOT_AVD,EU27_2020,2004,17.3
TRN_BUS_TOT_AVD,EU28,2004,16.5
TRN_BUS_TOT_AVD,FI,2004,15.2
TRN_BUS_TOT_AVD,FR,2004,13.8
TRN_BUS_TOT_AVD,HR,2004,16.2
TRN_BUS_TOT_AVD,HU,2004,36.8
TRN_BUS_TOT_AVD,IE,2004,18.1
TRN_BUS_TOT_AVD,IS,2004,11.4
TRN_BUS_TOT_AVD,IT,2004,16.6
TRN_BUS_TOT_AVD,LT,2004,12.9
TRN_BUS_TOT_AVD,LU,2004,14.4
TRN_BUS_TOT_AVD,LV,2004,26.2
TRN_BUS_TOT_AVD,ME,2004,
TRN_BUS_TOT_AVD,MK,2004,21.5
TRN_BUS_TOT_AVD,MT,2004,20.4
TRN_BUS_TOT_AVD,NL,2004,12.3
TRN_BUS_TOT_AVD,NO,2004,11.2
TRN_BUS_TOT_AVD,PL,2004,27.7
TRN_BUS_TOT_AVD,PT,2004,14.9
TRN_BUS_TOT_AVD,RO,2004,23.8
TRN_BUS_TOT_AVD,RS,2004,
TRN_BUS_TOT_AVD,SE,2004,14.1
TRN_BUS_TOT_AVD,SI,2004,15.1
TRN_BUS_TOT_AVD,SK,2004,32.2
TRN_BUS_TOT_AVD,TR,2004,48.7
TRN_BUS_TOT_AVD,UK,2004,11.3
BUS_TOT,AT,2003,10.6
BUS_TOT,BE,2003,13.0
BUS_TOT,BG,2003,28.1
BUS_TOT,CH,2003,5.2
BUS_TOT,CY,2003,23.6
BUS_TOT,CZ,2003,18.2
BUS_TOT,DE,2003,6.8
BUS_TOT,DK,2003,11.6
BUS_TOT,EE,2003,24.7
BUS_TOT,EL,2003,22.1
BUS_TOT,ES,2003,11.8
BUS_TOT,EU27_2020,2003,10.4
BUS_TOT,EU28,2003,9.8
BUS_TOT,FI,2003,10.9
BUS_TOT,FR,2003,5.0
BUS_TOT,HR,2003,13.6
BUS_TOT,HU,2003,24.5
BUS_TOT,IE,2003,15.3
BUS_TOT,IS,2003,11.4
BUS_TOT,IT,2003,11.1
BUS_TOT,LT,2003,13.1
BUS_TOT,LU,2003,10.6
BUS_TOT,LV,2003,19.4
BUS_TOT,ME,2003,
BUS_TOT,MK,2003,19.5
BUS_TOT,MT,2003,20.5
BUS_TOT,NL,2003,3.9
BUS_TOT,NO,2003,7.0
BUS_TOT,PL,2003,21.2
BUS_TOT,PT,2003,11
BUS_TOT,RO,2003,12.8
BUS_TOT,RS,2003,
BUS_TOT,SE,2003,7.3
BUS_TOT,SI,2003,13.5
BUS_TOT,SK,2003,24.8
BUS_TOT,TR,2003,47.4
BUS_TOT,UK,2003,6.1
CAR,AT,2003,79.8
CAR,BE,2003,80.5
CAR,BG,2003,66.5
CAR,CH,2003,79.8
CAR,CY,2003,76.4
CAR,CZ,2003,74.6
CAR,DE,2003,86.1
CAR,DK,2003,79.1
CAR,EE,2003,73.6
CAR,EL,2003,76.4
CAR,ES,2003,83.1
CAR,EU27_2020,2003,82.8
CAR,EU28,2003,83.6
CAR,FI,2003,84.4
CAR,FR,2003,86.6
CAR,HR,2003,82.2
CAR,HU,2003,62.1
CAR,IE,2003,81.4
CAR,IS,2003,88.6
CAR,IT,2003,83.4
CAR,LT,2003,85
CAR,LU,2003,85.7
CAR,LV,2003,75.7
CAR,ME,2003,
CAR,MK,2003,78.8
CAR,MT,2003,79.5
CAR,NL,2003,87.4
CAR,NO,2003,88.9
CAR,PL,2003,70.8
CAR,PT,2003,85.1
CAR,RO,2003,75.7
CAR,RS,2003,
CAR,SE,2003,85.5
CAR,SI,2003,83.5
CAR,SK,2003,68.8
CAR,TR,2003,49.2
CAR,UK,2003,88.5
TRN,AT,2003,9.6
TRN,BE,2003,6.5
TRN,BG,2003,5.5
TRN,CH,2003,15
TRN,CZ,2003,7.2
TRN,DE,2003,7.2
TRN,DK,2003,9.3
TRN,EE,2003,1.7
TRN,EL,2003,1.6
TRN,ES,2003,5.1
TRN,EU27_2020,2003,6.8
TRN,EU28,2003,6.6
TRN,FI,2003,4.7
TRN,FR,2003,8.4
TRN,HR,2003,4.2
TRN,HU,2003,13.4
TRN,IE,2003,3.3
TRN,IT,2003,5.5
TRN,LT,2003,1.9
TRN,LU,2003,3.7
TRN,LV,2003,4.8
TRN,ME,2003,
TRN,MK,2003,1.7
TRN,NL,2003,8.7
TRN,NO,2003,4.1
TRN,PL,2003,8.1
TRN,PT,2003,3.9
TRN,RO,2003,11.5
TRN,RS,2003,
TRN,SE,2003,7.1
TRN,SI,2003,3
TRN,SK,2003,6.3
TRN,TR,2003,3.4
TRN,UK,2003,5.4
TRN_BUS_TOT_AVD,AT,2003,20.2
TRN_BUS_TOT_AVD,BE,2003,19.5
TRN_BUS_TOT_AVD,BG,2003,33.5
TRN_BUS_TOT_AVD,CH,2003,20.2
TRN_BUS_TOT_AVD,CY,2003,23.6
TRN_BUS_TOT_AVD,CZ,2003,25.4
TRN_BUS_TOT_AVD,DE,2003,13.9
TRN_BUS_TOT_AVD,DK,2003,20.9
TRN_BUS_TOT_AVD,EE,2003,26.4
TRN_BUS_TOT_AVD,EL,2003,23.6
TRN_BUS_TOT_AVD,ES,2003,16.9
TRN_BUS_TOT_AVD,EU27_2020,2003,17.2
TRN_BUS_TOT_AVD,EU28,2003,16.4
TRN_BUS_TOT_AVD,FI,2003,15.6
TRN_BUS_TOT_AVD,FR,2003,13.4
TRN_BUS_TOT_AVD,HR,2003,17.8
TRN_BUS_TOT_AVD,HU,2003,37.9
TRN_BUS_TOT_AVD,IE,2003,18.6
TRN_BUS_TOT_AVD,IS,2003,11.4
TRN_BUS_TOT_AVD,IT,2003,16.6
TRN_BUS_TOT_AVD,LT,2003,15
TRN_BUS_TOT_AVD,LU,2003,14.3
TRN_BUS_TOT_AVD,LV,2003,24.3
TRN_BUS_TOT_AVD,ME,2003,
TRN_BUS_TOT_AVD,MK,2003,21.2
TRN_BUS_TOT_AVD,MT,2003,20.5
TRN_BUS_TOT_AVD,NL,2003,12.6
TRN_BUS_TOT_AVD,NO,2003,11.1
TRN_BUS_TOT_AVD,PL,2003,29.2
TRN_BUS_TOT_AVD,PT,2003,14.9
TRN_BUS_TOT_AVD,RO,2003,24.3
TRN_BUS_TOT_AVD,RS,2003,
TRN_BUS_TOT_AVD,SE,2003,14.5
TRN_BUS_TOT_AVD,SI,2003,16.5
TRN_BUS_TOT_AVD,SK,2003,31.2
TRN_BUS_TOT_AVD,TR,2003,50.8
TRN_BUS_TOT_AVD,UK,2003,11.5
BUS_TOT,AT,2002,10.5
BUS_TOT,BE,2002,11.7
BUS_TOT,BG,2002,33.4
BUS_TOT,CH,2002,5.1
BUS_TOT,CY,2002,22.6
BUS_TOT,CZ,2002,18.7
BUS_TOT,DE,2002,6.7
BUS_TOT,DK,2002,11.7
BUS_TOT,EE,2002,26.5
BUS_TOT,EL,2002,23
BUS_TOT,ES,2002,12.3
BUS_TOT,EU27_2020,2002,10.5
BUS_TOT,EU28,2002,9.8
BUS_TOT,FI,2002,11.1
BUS_TOT,FR,2002,5.0
BUS_TOT,HR,2002,13.3
BUS_TOT,HU,2002,25.0
BUS_TOT,IE,2002,15.6
BUS_TOT,IS,2002,11.4
BUS_TOT,IT,2002,11.1
BUS_TOT,LT,2002,15.4
BUS_TOT,LU,2002,10.5
BUS_TOT,LV,2002,18.6
BUS_TOT,ME,2002,
BUS_TOT,MK,2002,16.7
BUS_TOT,MT,2002,20.6
BUS_TOT,NL,2002,4.3
BUS_TOT,NO,2002,6.9
BUS_TOT,PL,2002,21.7
BUS_TOT,PT,2002,10.9
BUS_TOT,RO,2002,12.3
BUS_TOT,RS,2002,
BUS_TOT,SE,2002,7.5
BUS_TOT,SI,2002,13.2
BUS_TOT,SK,2002,26.0
BUS_TOT,TR,2002,47.8
BUS_TOT,UK,2002,5.6
CAR,AT,2002,79.7
CAR,BE,2002,81.9
CAR,BG,2002,61.2
CAR,CH,2002,80.1
CAR,CY,2002,77.4
CAR,CZ,2002,73.8
CAR,DE,2002,86.2
CAR,DK,2002,79.1
CAR,EE,2002,71.7
CAR,EL,2002,75.1
CAR,ES,2002,82.5
CAR,EU27_2020,2002,82.5
CAR,EU28,2002,83.4
CAR,FI,2002,84.1
CAR,FR,2002,86.4
CAR,HR,2002,82.2
CAR,HU,2002,61.1
CAR,IE,2002,81
CAR,IS,2002,88.6
CAR,IT,2002,83.3
CAR,LT,2002,82.0
CAR,LU,2002,85.7
CAR,LV,2002,76.6
CAR,ME,2002,
CAR,MK,2002,81.3
CAR,MT,2002,79.4
CAR,NL,2002,86.4
CAR,NO,2002,89.0
CAR,PL,2002,69.7
CAR,PT,2002,84.9
CAR,RO,2002,75.8
CAR,RS,2002,
CAR,SE,2002,85.3
CAR,SI,2002,83.9
CAR,SK,2002,66.8
CAR,TR,2002,49
CAR,UK,2002,89.1
TRN,AT,2002,9.7
TRN,BE,2002,6.5
TRN,BG,2002,5.4
TRN,CH,2002,14.8
TRN,CZ,2002,7.5
TRN,DE,2002,7.1
TRN,DK,2002,9.2
TRN,EE,2002,1.8
TRN,EL,2002,1.9
TRN,ES,2002,5.2
TRN,EU27_2020,2002,7
TRN,EU28,2002,6.8
TRN,FI,2002,4.8
TRN,FR,2002,8.7
TRN,HR,2002,4.5
TRN,HU,2002,13.9
TRN,IE,2002,3.5
TRN,IT,2002,5.6
TRN,LT,2002,2.5
TRN,LU,2002,3.9
TRN,LV,2002,4.8
TRN,ME,2002,
TRN,MK,2002,1.9
TRN,NL,2002,9.3
TRN,NO,2002,4.1
TRN,PL,2002,8.6
TRN,PT,2002,4.3
TRN,RO,2002,11.9
TRN,RS,2002,
TRN,SE,2002,7.2
TRN,SI,2002,3
TRN,SK,2002,7.2
TRN,TR,2002,3.1
TRN,UK,2002,5.3
TRN_BUS_TOT_AVD,AT,2002,20.3
TRN_BUS_TOT_AVD,BE,2002,18.1
TRN_BUS_TOT_AVD,BG,2002,38.8
TRN_BUS_TOT_AVD,CH,2002,19.9
TRN_BUS_TOT_AVD,CY,2002,22.6
TRN_BUS_TOT_AVD,CZ,2002,26.2
TRN_BUS_TOT_AVD,DE,2002,13.8
TRN_BUS_TOT_AVD,DK,2002,20.9
TRN_BUS_TOT_AVD,EE,2002,28.3
TRN_BUS_TOT_AVD,EL,2002,24.9
TRN_BUS_TOT_AVD,ES,2002,17.5
TRN_BUS_TOT_AVD,EU27_2020,2002,17.5
TRN_BUS_TOT_AVD,EU28,2002,16.6
TRN_BUS_TOT_AVD,FI,2002,15.9
TRN_BUS_TOT_AVD,FR,2002,13.6
TRN_BUS_TOT_AVD,HR,2002,17.8
TRN_BUS_TOT_AVD,HU,2002,38.9
TRN_BUS_TOT_AVD,IE,2002,19
TRN_BUS_TOT_AVD,IS,2002,11.4
TRN_BUS_TOT_AVD,IT,2002,16.7
TRN_BUS_TOT_AVD,LT,2002,18.0
TRN_BUS_TOT_AVD,LU,2002,14.3
TRN_BUS_TOT_AVD,LV,2002,23.4
TRN_BUS_TOT_AVD,ME,2002,
TRN_BUS_TOT_AVD,MK,2002,18.7
TRN_BUS_TOT_AVD,MT,2002,20.6
TRN_BUS_TOT_AVD,NL,2002,13.6
TRN_BUS_TOT_AVD,NO,2002,11.0
TRN_BUS_TOT_AVD,PL,2002,30.3
TRN_BUS_TOT_AVD,PT,2002,15.1
TRN_BUS_TOT_AVD,RO,2002,24.2
TRN_BUS_TOT_AVD,RS,2002,
TRN_BUS_TOT_AVD,SE,2002,14.7
TRN_BUS_TOT_AVD,SI,2002,16.1
TRN_BUS_TOT_AVD,SK,2002,33.2
TRN_BUS_TOT_AVD,TR,2002,51
TRN_BUS_TOT_AVD,UK,2002,10.9
BUS_TOT,AT,2001,10.6
BUS_TOT,BE,2001,11.0
BUS_TOT,BG,2001,32
BUS_TOT,CH,2001,5.2
BUS_TOT,CY,2001,22.5
BUS_TOT,CZ,2001,19.8
BUS_TOT,DE,2001,6.9
BUS_TOT,DK,2001,11.7
BUS_TOT,EE,2001,28
BUS_TOT,EL,2001,23.8
BUS_TOT,ES,2001,13.7
BUS_TOT,EU27_2020,2001,10.8
BUS_TOT,EU28,2001,10.2
BUS_TOT,FI,2001,11.3
BUS_TOT,FR,2001,4.9
BUS_TOT,HR,2001,13.5
BUS_TOT,HU,2001,24.9
BUS_TOT,IE,2001,16.1
BUS_TOT,IS,2001,11.4
BUS_TOT,IT,2001,11.0
BUS_TOT,LT,2001,14.6
BUS_TOT,LU,2001,9.7
BUS_TOT,LV,2001,15.3
BUS_TOT,ME,2001,
BUS_TOT,MK,2001,14.3
BUS_TOT,MT,2001,20.7
BUS_TOT,NL,2001,4.6
BUS_TOT,NO,2001,6.9
BUS_TOT,PL,2001,23.5
BUS_TOT,PT,2001,12.6
BUS_TOT,RO,2001,12.4
BUS_TOT,RS,2001,
BUS_TOT,SE,2001,7.6
BUS_TOT,SI,2001,13.6
BUS_TOT,SK,2001,27.8
BUS_TOT,TR,2001,47
BUS_TOT,UK,2001,6.5
CAR,AT,2001,79.6
CAR,BE,2001,82.6
CAR,BG,2001,61.5
CAR,CH,2001,80.6
CAR,CY,2001,77.5
CAR,CZ,2001,71.9
CAR,DE,2001,85.5
CAR,DK,2001,79.2
CAR,EE,2001,70.1
CAR,EL,2001,74.3
CAR,ES,2001,80.8
CAR,EU27_2020,2001,82
CAR,EU28,2001,82.8
CAR,FI,2001,83.8
CAR,FR,2001,86.6
CAR,HR,2001,81.7
CAR,HU,2001,61.7
CAR,IE,2001,80.6
CAR,IS,2001,88.6
CAR,IT,2001,83.2
CAR,LT,2001,82.6
CAR,LU,2001,85.2
CAR,LV,2001,79.9
CAR,ME,2001,
CAR,MK,2001,83
CAR,MT,2001,79.3
CAR,NL,2001,86.0
CAR,NO,2001,88.5
CAR,PL,2001,66.9
CAR,PT,2001,82.8
CAR,RO,2001,72.5
CAR,RS,2001,
CAR,SE,2001,85.1
CAR,SI,2001,83.5
CAR,SK,2001,64.7
CAR,TR,2001,49.6
CAR,UK,2001,88.2
TRN,AT,2001,9.8
TRN,BE,2001,6.4
TRN,BG,2001,6.6
TRN,CH,2001,14.2
TRN,CZ,2001,8.3
TRN,DE,2001,7.6
TRN,DK,2001,9.1
TRN,EE,2001,1.9
TRN,EL,2001,1.9
TRN,ES,2001,5.5
TRN,EU27_2020,2001,7.3
TRN,EU28,2001,7
TRN,FI,2001,4.8
TRN,FR,2001,8.5
TRN,HR,2001,4.8
TRN,HU,2001,13.4
TRN,IE,2001,3.3
TRN,IT,2001,5.8
TRN,LT,2001,2.8
TRN,LU,2001,5.1
TRN,LV,2001,4.8
TRN,ME,2001,
TRN,MK,2001,2.8
TRN,NL,2001,9.4
TRN,NO,2001,4.5
TRN,PL,2001,9.5
TRN,PT,2001,4.5
TRN,RO,2001,15.1
TRN,RS,2001,
TRN,SE,2001,7.3
TRN,SI,2001,2.9
TRN,SK,2001,7.5
TRN,TR,2001,3.4
TRN,UK,2001,5.3
TRN_BUS_TOT_AVD,AT,2001,20.4
TRN_BUS_TOT_AVD,BE,2001,17.4
TRN_BUS_TOT_AVD,BG,2001,38.5
TRN_BUS_TOT_AVD,CH,2001,19.4
TRN_BUS_TOT_AVD,CY,2001,22.5
TRN_BUS_TOT_AVD,CZ,2001,28.1
TRN_BUS_TOT_AVD,DE,2001,14.5
TRN_BUS_TOT_AVD,DK,2001,20.8
TRN_BUS_TOT_AVD,EE,2001,29.9
TRN_BUS_TOT_AVD,EL,2001,25.7
TRN_BUS_TOT_AVD,ES,2001,19.2
TRN_BUS_TOT_AVD,EU27_2020,2001,18
TRN_BUS_TOT_AVD,EU28,2001,17.2
TRN_BUS_TOT_AVD,FI,2001,16.2
TRN_BUS_TOT_AVD,FR,2001,13.4
TRN_BUS_TOT_AVD,HR,2001,18.3
TRN_BUS_TOT_AVD,HU,2001,38.3
TRN_BUS_TOT_AVD,IE,2001,19.4
TRN_BUS_TOT_AVD,IS,2001,11.4
TRN_BUS_TOT_AVD,IT,2001,16.8
TRN_BUS_TOT_AVD,LT,2001,17.4
TRN_BUS_TOT_AVD,LU,2001,14.8
TRN_BUS_TOT_AVD,LV,2001,20.1
TRN_BUS_TOT_AVD,ME,2001,
TRN_BUS_TOT_AVD,MK,2001,17
TRN_BUS_TOT_AVD,MT,2001,20.7
TRN_BUS_TOT_AVD,NL,2001,14.0
TRN_BUS_TOT_AVD,NO,2001,11.5
TRN_BUS_TOT_AVD,PL,2001,33.1
TRN_BUS_TOT_AVD,PT,2001,17.2
TRN_BUS_TOT_AVD,RO,2001,27.5
TRN_BUS_TOT_AVD,RS,2001,
TRN_BUS_TOT_AVD,SE,2001,14.9
TRN_BUS_TOT_AVD,SI,2001,16.5
TRN_BUS_TOT_AVD,SK,2001,35.3
TRN_BUS_TOT_AVD,TR,2001,50.4
TRN_BUS_TOT_AVD,UK,2001,11.8
BUS_TOT,AT,2000,10.7
BUS_TOT,BE,2000,10.8
BUS_TOT,BG,2000,31.4
BUS_TOT,CH,2000,5.2
BUS_TOT,CY,2000,22.3
BUS_TOT,CZ,2000,18.5
BUS_TOT,DE,2000,7.1
BUS_TOT,DK,2000,11.7
BUS_TOT,EE,2000,27.5
BUS_TOT,EL,2000,25.1
BUS_TOT,ES,2000,13.5
BUS_TOT,EU27_2020,2000,11
BUS_TOT,EU28,2000,10.4
BUS_TOT,FI,2000,11.5
BUS_TOT,FR,2000,5.3
BUS_TOT,HR,2000,13.6
BUS_TOT,HU,2000,25.1
BUS_TOT,IE,2000,16.2
BUS_TOT,IS,2000,11.4
BUS_TOT,IT,2000,10.9
BUS_TOT,LT,2000,14.6
BUS_TOT,LU,2000,9.5
BUS_TOT,LV,2000,18.4
BUS_TOT,ME,2000,
BUS_TOT,MK,2000,13.5
BUS_TOT,MT,2000,20.4
BUS_TOT,NL,2000,4.6
BUS_TOT,NO,2000,7.1
BUS_TOT,PL,2000,25.4
BUS_TOT,PT,2000,13.6
BUS_TOT,RO,2000,12.2
BUS_TOT,RS,2000,
BUS_TOT,SE,2000,7.9
BUS_TOT,SI,2000,14.3
BUS_TOT,SK,2000,27.8
BUS_TOT,TR,2000,50.7
BUS_TOT,UK,2000,6.6
CAR,AT,2000,79.5
CAR,BE,2000,83.0
CAR,BG,2000,60.8
CAR,CH,2000,81.1
CAR,CY,2000,77.7
CAR,CZ,2000,73.1
CAR,DE,2000,85.2
CAR,DK,2000,79.6
CAR,EE,2000,69.8
CAR,EL,2000,72.8
CAR,ES,2000,81.0
CAR,EU27_2020,2000,81.6
CAR,EU28,2000,82.5
CAR,FI,2000,83.4
CAR,FR,2000,86.1
CAR,HR,2000,81.4
CAR,HU,2000,61.9
CAR,IE,2000,80.6
CAR,IS,2000,88.6
CAR,IT,2000,83.3
CAR,LT,2000,82.2
CAR,LU,2000,85.5
CAR,LV,2000,76.9
CAR,ME,2000,
CAR,MK,2000,84.5
CAR,MT,2000,79.6
CAR,NL,2000,86.0
CAR,NO,2000,88.3
CAR,PL,2000,64.3
CAR,PT,2000,81.7
CAR,RO,2000,71.5
CAR,RS,2000,
CAR,SE,2000,85.1
CAR,SI,2000,82.9
CAR,SK,2000,64.4
CAR,TR,2000,45.9
CAR,UK,2000,88.1
TRN,AT,2000,9.8
TRN,BE,2000,6.3
TRN,BG,2000,7.8
TRN,CH,2000,13.7
TRN,CZ,2000,8.4
TRN,DE,2000,7.7
TRN,DK,2000,8.7
TRN,EE,2000,2.7
TRN,EL,2000,2.2
TRN,ES,2000,5.4
TRN,EU27_2020,2000,7.4
TRN,EU28,2000,7.1
TRN,FI,2000,5.1
TRN,FR,2000,8.6
TRN,HR,2000,5.1
TRN,HU,2000,13
TRN,IE,2000,3.2
TRN,IT,2000,5.8
TRN,LT,2000,3.2
TRN,LU,2000,5.1
TRN,LV,2000,4.8
TRN,ME,2000,
TRN,MK,2000,2
TRN,NL,2000,9.4
TRN,NO,2000,4.5
TRN,PL,2000,10.3
TRN,PT,2000,4.6
TRN,RO,2000,16.3
TRN,RS,2000,
TRN,SE,2000,6.9
TRN,SI,2000,2.9
TRN,SK,2000,7.7
TRN,TR,2000,3.4
TRN,UK,2000,5.3
TRN_BUS_TOT_AVD,AT,2000,20.5
TRN_BUS_TOT_AVD,BE,2000,17.0
TRN_BUS_TOT_AVD,BG,2000,39.2
TRN_BUS_TOT_AVD,CH,2000,18.9
TRN_BUS_TOT_AVD,CY,2000,22.3
TRN_BUS_TOT_AVD,CZ,2000,26.9
TRN_BUS_TOT_AVD,DE,2000,14.8
TRN_BUS_TOT_AVD,DK,2000,20.4
TRN_BUS_TOT_AVD,EE,2000,30.2
TRN_BUS_TOT_AVD,EL,2000,27.2
TRN_BUS_TOT_AVD,ES,2000,19.0
TRN_BUS_TOT_AVD,EU27_2020,2000,18.4
TRN_BUS_TOT_AVD,EU28,2000,17.5
TRN_BUS_TOT_AVD,FI,2000,16.6
TRN_BUS_TOT_AVD,FR,2000,13.9
TRN_BUS_TOT_AVD,HR,2000,18.6
TRN_BUS_TOT_AVD,HU,2000,38.1
TRN_BUS_TOT_AVD,IE,2000,19.4
TRN_BUS_TOT_AVD,IS,2000,11.4
TRN_BUS_TOT_AVD,IT,2000,16.7
TRN_BUS_TOT_AVD,LT,2000,17.8
TRN_BUS_TOT_AVD,LU,2000,14.5
TRN_BUS_TOT_AVD,LV,2000,23.1
TRN_BUS_TOT_AVD,ME,2000,
TRN_BUS_TOT_AVD,MK,2000,15.5
TRN_BUS_TOT_AVD,MT,2000,20.4
TRN_BUS_TOT_AVD,NL,2000,14.0
TRN_BUS_TOT_AVD,NO,2000,11.7
TRN_BUS_TOT_AVD,PL,2000,35.7
TRN_BUS_TOT_AVD,PT,2000,18.3
TRN_BUS_TOT_AVD,RO,2000,28.5
TRN_BUS_TOT_AVD,RS,2000,
TRN_BUS_TOT_AVD,SE,2000,14.9
TRN_BUS_TOT_AVD,SI,2000,17.1
TRN_BUS_TOT_AVD,SK,2000,35.6
TRN_BUS_TOT_AVD,TR,2000,54.1
TRN_BUS_TOT_AVD,UK,2000,11.9
BUS_TOT,AT,1999,10.4
BUS_TOT,BE,1999,10.9
BUS_TOT,BG,1999,21.9
BUS_TOT,CH,1999,5.0
BUS_TOT,CY,1999,22.1
BUS_TOT,CZ,1999,18.2
BUS_TOT,DE,1999,6.9
BUS_TOT,DK,1999,11.6
BUS_TOT,EE,1999,22.2
BUS_TOT,EL,1999,26.5
BUS_TOT,ES,1999,13.8
BUS_TOT,EU27_2020,1999,
BUS_TOT,EU28,1999,
BUS_TOT,FI,1999,11.5
BUS_TOT,FR,1999,5.2
BUS_TOT,HR,1999,14.3
BUS_TOT,HU,1999,24.2
BUS_TOT,IE,1999,13.3
BUS_TOT,IS,1999,11.2
BUS_TOT,IT,1999,11.5
BUS_TOT,LT,1999,
BUS_TOT,LU,1999,9.8
BUS_TOT,LV,1999,19.4
BUS_TOT,ME,1999,
BUS_TOT,MK,1999,15.8
BUS_TOT,MT,1999,20.4
BUS_TOT,NL,1999,
BUS_TOT,NO,1999,7.3
BUS_TOT,PL,1999,16.8
BUS_TOT,PT,1999,13.7
BUS_TOT,RO,1999,12.6
BUS_TOT,RS,1999,
BUS_TOT,SE,1999,8.3
BUS_TOT,SI,1999,16.7
BUS_TOT,SK,1999,35.1
BUS_TOT,TR,1999,53.7
BUS_TOT,UK,1999,6.5
CAR,AT,1999,79.9
CAR,BE,1999,83.1
CAR,BG,1999,67.9
CAR,CH,1999,81.7
CAR,CY,1999,77.9
CAR,CZ,1999,73.6
CAR,DE,1999,85.7
CAR,DK,1999,80.1
CAR,EE,1999,75
CAR,EL,1999,71.5
CAR,ES,1999,81.2
CAR,EU27_2020,1999,
CAR,EU28,1999,
CAR,FI,1999,83.3
CAR,FR,1999,86.6
CAR,HR,1999,80.9
CAR,HU,1999,62.8
CAR,IE,1999,83.4
CAR,IS,1999,88.8
CAR,IT,1999,83.0
CAR,LT,1999,
CAR,LU,1999,84.9
CAR,LV,1999,73.9
CAR,ME,1999,
CAR,MK,1999,81.3
CAR,MT,1999,79.6
CAR,NL,1999,
CAR,NO,1999,87.7
CAR,PL,1999,72.3
CAR,PT,1999,81.1
CAR,RO,1999,69.8
CAR,RS,1999,
CAR,SE,1999,85.1
CAR,SI,1999,80.8
CAR,SK,1999,57.0
CAR,TR,1999,42.7
CAR,UK,1999,88.1
TRN,AT,1999,9.7
TRN,BE,1999,6
TRN,BG,1999,10.2
TRN,CH,1999,13.3
TRN,CZ,1999,8.2
TRN,DE,1999,7.5
TRN,DK,1999,8.3
TRN,EE,1999,2.8
TRN,EL,1999,2
TRN,ES,1999,5
TRN,EU27_2020,1999,
TRN,EU28,1999,
TRN,FI,1999,5.2
TRN,FR,1999,8.2
TRN,HR,1999,4.8
TRN,HU,1999,12.9
TRN,IE,1999,3.3
TRN,IT,1999,5.4
TRN,LT,1999,
TRN,LU,1999,5.3
TRN,LV,1999,6.6
TRN,ME,1999,
TRN,MK,1999,3
TRN,NL,1999,
TRN,NO,1999,5.1
TRN,PL,1999,10.9
TRN,PT,1999,5.2
TRN,RO,1999,17.5
TRN,RS,1999,
TRN,SE,1999,6.6
TRN,SI,1999,2.5
TRN,SK,1999,7.9
TRN,TR,1999,3.6
TRN,UK,1999,5.3
TRN_BUS_TOT_AVD,AT,1999,20.1
TRN_BUS_TOT_AVD,BE,1999,16.9
TRN_BUS_TOT_AVD,BG,1999,32.1
TRN_BUS_TOT_AVD,CH,1999,18.3
TRN_BUS_TOT_AVD,CY,1999,22.1
TRN_BUS_TOT_AVD,CZ,1999,26.4
TRN_BUS_TOT_AVD,DE,1999,14.3
TRN_BUS_TOT_AVD,DK,1999,19.9
TRN_BUS_TOT_AVD,EE,1999,25
TRN_BUS_TOT_AVD,EL,1999,28.5
TRN_BUS_TOT_AVD,ES,1999,18.8
TRN_BUS_TOT_AVD,EU27_2020,1999,
TRN_BUS_TOT_AVD,EU28,1999,
TRN_BUS_TOT_AVD,FI,1999,16.7
TRN_BUS_TOT_AVD,FR,1999,13.4
TRN_BUS_TOT_AVD,HR,1999,19.1
TRN_BUS_TOT_AVD,HU,1999,37.2
TRN_BUS_TOT_AVD,IE,1999,16.6
TRN_BUS_TOT_AVD,IS,1999,11.2
TRN_BUS_TOT_AVD,IT,1999,17.0
TRN_BUS_TOT_AVD,LT,1999,
TRN_BUS_TOT_AVD,LU,1999,15.1
TRN_BUS_TOT_AVD,LV,1999,26.1
TRN_BUS_TOT_AVD,ME,1999,
TRN_BUS_TOT_AVD,MK,1999,18.7
TRN_BUS_TOT_AVD,MT,1999,20.4
TRN_BUS_TOT_AVD,NL,1999,
TRN_BUS_TOT_AVD,NO,1999,12.3
TRN_BUS_TOT_AVD,PL,1999,27.7
TRN_BUS_TOT_AVD,PT,1999,18.9
TRN_BUS_TOT_AVD,RO,1999,30.2
TRN_BUS_TOT_AVD,RS,1999,
TRN_BUS_TOT_AVD,SE,1999,14.9
TRN_BUS_TOT_AVD,SI,1999,19.2
TRN_BUS_TOT_AVD,SK,1999,43.0
TRN_BUS_TOT_AVD,TR,1999,57.3
TRN_BUS_TOT_AVD,UK,1999,11.9
BUS_TOT,AT,1998,10.2
BUS_TOT,BE,1998,11.0
BUS_TOT,BG,1998,24.5
BUS_TOT,CH,1998,5.1
BUS_TOT,CY,1998,22.3
BUS_TOT,CZ,1998,18.7
BUS_TOT,DE,1998,7.0
BUS_TOT,DK,1998,11.9
BUS_TOT,EE,1998,24
BUS_TOT,EL,1998,28
BUS_TOT,ES,1998,14.4
BUS_TOT,EU27_2020,1998,
BUS_TOT,EU28,1998,
BUS_TOT,FI,1998,12.1
BUS_TOT,FR,1998,5.4
BUS_TOT,HR,1998,17.6
BUS_TOT,HU,1998,23.8
BUS_TOT,IE,1998,13.3
BUS_TOT,IS,1998,11.4
BUS_TOT,IT,1998,11.4
BUS_TOT,LT,1998,
BUS_TOT,LU,1998,9.7
BUS_TOT,LV,1998,18.1
BUS_TOT,ME,1998,
BUS_TOT,MK,1998,15.4
BUS_TOT,MT,1998,20.4
BUS_TOT,NL,1998,
BUS_TOT,NO,1998,7.5
BUS_TOT,PL,1998,17.4
BUS_TOT,PT,1998,14.3
BUS_TOT,RO,1998,15
BUS_TOT,RS,1998,
BUS_TOT,SE,1998,9.2
BUS_TOT,SI,1998,16.5
BUS_TOT,SK,1998,38.7
BUS_TOT,TR,1998,56.3
BUS_TOT,UK,1998,6.5
CAR,AT,1998,80.0
CAR,BE,1998,83.1
CAR,BG,1998,63.3
CAR,CH,1998,81.8
CAR,CY,1998,77.7
CAR,CZ,1998,72.7
CAR,DE,1998,85.5
CAR,DK,1998,79.6
CAR,EE,1998,73.2
CAR,EL,1998,70
CAR,ES,1998,80.5
CAR,EU27_2020,1998,
CAR,EU28,1998,
CAR,FI,1998,82.7
CAR,FR,1998,86.4
CAR,HR,1998,77.6
CAR,HU,1998,63.9
CAR,IE,1998,83.4
CAR,IS,1998,88.6
CAR,IT,1998,83.4
CAR,LT,1998,
CAR,LU,1998,85.2
CAR,LV,1998,74
CAR,ME,1998,
CAR,MK,1998,81.6
CAR,MT,1998,79.6
CAR,NL,1998,
CAR,NO,1998,87.8
CAR,PL,1998,72.1
CAR,PT,1998,80
CAR,RO,1998,66.1
CAR,RS,1998,
CAR,SE,1998,83.9
CAR,SI,1998,80.8
CAR,SK,1998,52.8
CAR,TR,1998,40
CAR,UK,1998,88.5
TRN,AT,1998,9.8
TRN,BE,1998,5.9
TRN,BG,1998,12.2
TRN,CH,1998,13.1
TRN,CZ,1998,8.5
TRN,DE,1998,7.5
TRN,DK,1998,8.5
TRN,EE,1998,2.8
TRN,EL,1998,2
TRN,ES,1998,5.1
TRN,EU27_2020,1998,
TRN,EU28,1998,
TRN,FI,1998,5.2
TRN,FR,1998,8.2
TRN,HR,1998,4.8
TRN,HU,1998,12.3
TRN,IE,1998,3.3
TRN,IT,1998,5.2
TRN,LT,1998,
TRN,LU,1998,5.1
TRN,LV,1998,7.8
TRN,ME,1998,
TRN,MK,1998,3
TRN,NL,1998,
TRN,NO,1998,4.6
TRN,PL,1998,10.5
TRN,PT,1998,5.8
TRN,RO,1998,18.9
TRN,RS,1998,
TRN,SE,1998,6.8
TRN,SI,1998,2.7
TRN,SK,1998,8.5
TRN,TR,1998,3.7
TRN,UK,1998,5.1
TRN_BUS_TOT_AVD,AT,1998,20.0
TRN_BUS_TOT_AVD,BE,1998,16.9
TRN_BUS_TOT_AVD,BG,1998,36.7
TRN_BUS_TOT_AVD,CH,1998,18.2
TRN_BUS_TOT_AVD,CY,1998,22.3
TRN_BUS_TOT_AVD,CZ,1998,27.3
TRN_BUS_TOT_AVD,DE,1998,14.5
TRN_BUS_TOT_AVD,DK,1998,20.4
TRN_BUS_TOT_AVD,EE,1998,26.8
TRN_BUS_TOT_AVD,EL,1998,30
TRN_BUS_TOT_AVD,ES,1998,19.5
TRN_BUS_TOT_AVD,EU27_2020,1998,
TRN_BUS_TOT_AVD,EU28,1998,
TRN_BUS_TOT_AVD,FI,1998,17.3
TRN_BUS_TOT_AVD,FR,1998,13.6
TRN_BUS_TOT_AVD,HR,1998,22.4
TRN_BUS_TOT_AVD,HU,1998,36.1
TRN_BUS_TOT_AVD,IE,1998,16.6
TRN_BUS_TOT_AVD,IS,1998,11.4
TRN_BUS_TOT_AVD,IT,1998,16.6
TRN_BUS_TOT_AVD,LT,1998,
TRN_BUS_TOT_AVD,LU,1998,14.8
TRN_BUS_TOT_AVD,LV,1998,26
TRN_BUS_TOT_AVD,ME,1998,
TRN_BUS_TOT_AVD,MK,1998,18.4
TRN_BUS_TOT_AVD,MT,1998,20.4
TRN_BUS_TOT_AVD,NL,1998,
TRN_BUS_TOT_AVD,NO,1998,12.2
TRN_BUS_TOT_AVD,PL,1998,27.9
TRN_BUS_TOT_AVD,PT,1998,20
TRN_BUS_TOT_AVD,RO,1998,33.9
TRN_BUS_TOT_AVD,RS,1998,
TRN_BUS_TOT_AVD,SE,1998,16.1
TRN_BUS_TOT_AVD,SI,1998,19.2
TRN_BUS_TOT_AVD,SK,1998,47.2
TRN_BUS_TOT_AVD,TR,1998,60
TRN_BUS_TOT_AVD,UK,1998,11.5
BUS_TOT,AT,1997,9.8
BUS_TOT,BE,1997,11.1
BUS_TOT,BG,1997,24
BUS_TOT,CH,1997,3.4
BUS_TOT,CY,1997,22.6
BUS_TOT,CZ,1997,19.0
BUS_TOT,DE,1997,7.1
BUS_TOT,DK,1997,12.1
BUS_TOT,EE,1997,
BUS_TOT,EL,1997,28.5
BUS_TOT,ES,1997,13.4
BUS_TOT,EU27_2020,1997,
BUS_TOT,EU28,1997,
BUS_TOT,FI,1997,12.6
BUS_TOT,FR,1997,5.5
BUS_TOT,HR,1997,20.2
BUS_TOT,HU,1997,23.3
BUS_TOT,IE,1997,13.3
BUS_TOT,IS,1997,11.4
BUS_TOT,IT,1997,11.7
BUS_TOT,LT,1997,
BUS_TOT,LU,1997,9.7
BUS_TOT,LV,1997,17.8
BUS_TOT,ME,1997,
BUS_TOT,MK,1997,
BUS_TOT,MT,1997,20.2
BUS_TOT,NL,1997,
BUS_TOT,NO,1997,7.8
BUS_TOT,PL,1997,17.9
BUS_TOT,PT,1997,13.9
BUS_TOT,RO,1997,17.1
BUS_TOT,RS,1997,
BUS_TOT,SE,1997,9.4
BUS_TOT,SI,1997,18.2
BUS_TOT,SK,1997,42.4
BUS_TOT,TR,1997,58.3
BUS_TOT,UK,1997,6.4
CAR,AT,1997,80.0
CAR,BE,1997,83.0
CAR,BG,1997,61
CAR,CH,1997,83.2
CAR,CY,1997,77.4
CAR,CZ,1997,71.7
CAR,DE,1997,85.3
CAR,DK,1997,79.6
CAR,EE,1997,
CAR,EL,1997,68.9
CAR,ES,1997,81.5
CAR,EU27_2020,1997,
CAR,EU28,1997,
CAR,FI,1997,82.0
CAR,FR,1997,86.4
CAR,HR,1997,74.6
CAR,HU,1997,64.6
CAR,IE,1997,83.3
CAR,IS,1997,88.6
CAR,IT,1997,82.7
CAR,LT,1997,
CAR,LU,1997,85.1
CAR,LV,1997,72.8
CAR,ME,1997,
CAR,MK,1997,
CAR,MT,1997,79.8
CAR,NL,1997,
CAR,NO,1997,87.6
CAR,PL,1997,71.3
CAR,PT,1997,80
CAR,RO,1997,61.3
CAR,RS,1997,
CAR,SE,1997,83.9
CAR,SI,1997,79.2
CAR,SK,1997,49.5
CAR,TR,1997,38.2
CAR,UK,1997,88.7
TRN,AT,1997,10.2
TRN,BE,1997,5.9
TRN,BG,1997,15
TRN,CH,1997,13.4
TRN,CZ,1997,9.4
TRN,DE,1997,7.6
TRN,DK,1997,8.3
TRN,EE,1997,
TRN,EL,1997,2.6
TRN,ES,1997,5.1
TRN,EU27_2020,1997,
TRN,EU28,1997,
TRN,FI,1997,5.3
TRN,FR,1997,8.1
TRN,HR,1997,5.2
TRN,HU,1997,12.1
TRN,IE,1997,3.4
TRN,IT,1997,5.6
TRN,LT,1997,
TRN,LU,1997,5.1
TRN,LV,1997,9.3
TRN,ME,1997,
TRN,MK,1997,
TRN,NL,1997,
TRN,NO,1997,4.6
TRN,PL,1997,10.8
TRN,PT,1997,6.1
TRN,RO,1997,21.5
TRN,RS,1997,
TRN,SE,1997,6.7
TRN,SI,1997,2.6
TRN,SK,1997,8.1
TRN,TR,1997,3.6
TRN,UK,1997,4.9
TRN_BUS_TOT_AVD,AT,1997,20.0
TRN_BUS_TOT_AVD,BE,1997,17.0
TRN_BUS_TOT_AVD,BG,1997,39
TRN_BUS_TOT_AVD,CH,1997,16.8
TRN_BUS_TOT_AVD,CY,1997,22.6
TRN_BUS_TOT_AVD,CZ,1997,28.3
TRN_BUS_TOT_AVD,DE,1997,14.7
TRN_BUS_TOT_AVD,DK,1997,20.4
TRN_BUS_TOT_AVD,EE,1997,
TRN_BUS_TOT_AVD,EL,1997,31.1
TRN_BUS_TOT_AVD,ES,1997,18.5
TRN_BUS_TOT_AVD,EU27_2020,1997,
TRN_BUS_TOT_AVD,EU28,1997,
TRN_BUS_TOT_AVD,FI,1997,18.0
TRN_BUS_TOT_AVD,FR,1997,13.6
TRN_BUS_TOT_AVD,HR,1997,25.4
TRN_BUS_TOT_AVD,HU,1997,35.4
TRN_BUS_TOT_AVD,IE,1997,16.7
TRN_BUS_TOT_AVD,IS,1997,11.4
TRN_BUS_TOT_AVD,IT,1997,17.3
TRN_BUS_TOT_AVD,LT,1997,
TRN_BUS_TOT_AVD,LU,1997,14.9
TRN_BUS_TOT_AVD,LV,1997,27.2
TRN_BUS_TOT_AVD,ME,1997,
TRN_BUS_TOT_AVD,MK,1997,
TRN_BUS_TOT_AVD,MT,1997,20.2
TRN_BUS_TOT_AVD,NL,1997,
TRN_BUS_TOT_AVD,NO,1997,12.4
TRN_BUS_TOT_AVD,PL,1997,28.7
TRN_BUS_TOT_AVD,PT,1997,20
TRN_BUS_TOT_AVD,RO,1997,38.7
TRN_BUS_TOT_AVD,RS,1997,
TRN_BUS_TOT_AVD,SE,1997,16.1
TRN_BUS_TOT_AVD,SI,1997,20.8
TRN_BUS_TOT_AVD,SK,1997,50.5
TRN_BUS_TOT_AVD,TR,1997,61.8
TRN_BUS_TOT_AVD,UK,1997,11.3
BUS_TOT,AT,1996,9.1
BUS_TOT,BE,1996,11.3
BUS_TOT,BG,1996,25.3
BUS_TOT,CH,1996,3.5
BUS_TOT,CY,1996,22.9
BUS_TOT,CZ,1996,20.1
BUS_TOT,DE,1996,7.1
BUS_TOT,DK,1996,12.5
BUS_TOT,EE,1996,
BUS_TOT,EL,1996,29.6
BUS_TOT,ES,1996,13.8
BUS_TOT,EU27_2020,1996,
BUS_TOT,EU28,1996,
BUS_TOT,FI,1996,13.0
BUS_TOT,FR,1996,5.6
BUS_TOT,HR,1996,21.1
BUS_TOT,HU,1996,23.8
BUS_TOT,IE,1996,13.5
BUS_TOT,IS,1996,11.4
BUS_TOT,IT,1996,11.7
BUS_TOT,LT,1996,
BUS_TOT,LU,1996,9.8
BUS_TOT,LV,1996,18.1
BUS_TOT,ME,1996,
BUS_TOT,MK,1996,
BUS_TOT,MT,1996,19.6
BUS_TOT,NL,1996,
BUS_TOT,NO,1996,7.8
BUS_TOT,PL,1996,19.4
BUS_TOT,PT,1996,15.6
BUS_TOT,RO,1996,17.4
BUS_TOT,RS,1996,
BUS_TOT,SE,1996,9.4
BUS_TOT,SI,1996,18.9
BUS_TOT,SK,1996,44.7
BUS_TOT,TR,1996,59.4
BUS_TOT,UK,1996,6.4
CAR,AT,1996,78.8
CAR,BE,1996,82.9
CAR,BG,1996,61.9
CAR,CH,1996,83.2
CAR,CY,1996,77.1
CAR,CZ,1996,70.1
CAR,DE,1996,85.4
CAR,DK,1996,79.6
CAR,EE,1996,
CAR,EL,1996,67.9
CAR,ES,1996,81.3
CAR,EU27_2020,1996,
CAR,EU28,1996,
CAR,FI,1996,81.7
CAR,FR,1996,86.4
CAR,HR,1996,72.9
CAR,HU,1996,63.9
CAR,IE,1996,83.3
CAR,IS,1996,88.6
CAR,IT,1996,82.5
CAR,LT,1996,
CAR,LU,1996,85.2
CAR,LV,1996,71.6
CAR,ME,1996,
CAR,MK,1996,
CAR,MT,1996,80.4
CAR,NL,1996,
CAR,NO,1996,87.7
CAR,PL,1996,69.3
CAR,PT,1996,78.1
CAR,RO,1996,57.7
CAR,RS,1996,
CAR,SE,1996,84.0
CAR,SI,1996,78.4
CAR,SK,1996,45.8
CAR,TR,1996,37.2
CAR,UK,1996,89
TRN,AT,1996,12.1
TRN,BE,1996,5.9
TRN,BG,1996,12.8
TRN,CH,1996,13.3
TRN,CZ,1996,9.8
TRN,DE,1996,7.5
TRN,DK,1996,7.8
TRN,EE,1996,
TRN,EL,1996,2.5
TRN,ES,1996,4.9
TRN,EU27_2020,1996,
TRN,EU28,1996,
TRN,FI,1996,5.3
TRN,FR,1996,8
TRN,HR,1996,6
TRN,HU,1996,12.3
TRN,IE,1996,3.3
TRN,IT,1996,5.9
TRN,LT,1996,
TRN,LU,1996,5
TRN,LV,1996,10.3
TRN,ME,1996,
TRN,MK,1996,
TRN,NL,1996,
TRN,NO,1996,4.5
TRN,PL,1996,11.3
TRN,PT,1996,6.3
TRN,RO,1996,24.9
TRN,RS,1996,
TRN,SE,1996,6.7
TRN,SI,1996,2.7
TRN,SK,1996,9.5
TRN,TR,1996,3.4
TRN,UK,1996,4.6
TRN_BUS_TOT_AVD,AT,1996,21.2
TRN_BUS_TOT_AVD,BE,1996,17.1
TRN_BUS_TOT_AVD,BG,1996,38.1
TRN_BUS_TOT_AVD,CH,1996,16.8
TRN_BUS_TOT_AVD,CY,1996,22.9
TRN_BUS_TOT_AVD,CZ,1996,29.9
TRN_BUS_TOT_AVD,DE,1996,14.6
TRN_BUS_TOT_AVD,DK,1996,20.4
TRN_BUS_TOT_AVD,EE,1996,
TRN_BUS_TOT_AVD,EL,1996,32.1
TRN_BUS_TOT_AVD,ES,1996,18.7
TRN_BUS_TOT_AVD,EU27_2020,1996,
TRN_BUS_TOT_AVD,EU28,1996,
TRN_BUS_TOT_AVD,FI,1996,18.3
TRN_BUS_TOT_AVD,FR,1996,13.6
TRN_BUS_TOT_AVD,HR,1996,27.1
TRN_BUS_TOT_AVD,HU,1996,36.1
TRN_BUS_TOT_AVD,IE,1996,16.7
TRN_BUS_TOT_AVD,IS,1996,11.4
TRN_BUS_TOT_AVD,IT,1996,17.5
TRN_BUS_TOT_AVD,LT,1996,
TRN_BUS_TOT_AVD,LU,1996,14.8
TRN_BUS_TOT_AVD,LV,1996,28.4
TRN_BUS_TOT_AVD,ME,1996,
TRN_BUS_TOT_AVD,MK,1996,
TRN_BUS_TOT_AVD,MT,1996,19.6
TRN_BUS_TOT_AVD,NL,1996,
TRN_BUS_TOT_AVD,NO,1996,12.3
TRN_BUS_TOT_AVD,PL,1996,30.7
TRN_BUS_TOT_AVD,PT,1996,21.9
TRN_BUS_TOT_AVD,RO,1996,42.3
TRN_BUS_TOT_AVD,RS,1996,
TRN_BUS_TOT_AVD,SE,1996,16.0
TRN_BUS_TOT_AVD,SI,1996,21.6
TRN_BUS_TOT_AVD,SK,1996,54.2
TRN_BUS_TOT_AVD,TR,1996,62.8
TRN_BUS_TOT_AVD,UK,1996,11
BUS_TOT,AT,1995,9.0
BUS_TOT,BE,1995,11.3
BUS_TOT,BG,1995,29.3
BUS_TOT,CH,1995,3.6
BUS_TOT,CY,1995,22.7
BUS_TOT,CZ,1995,22.9
BUS_TOT,DE,1995,7.2
BUS_TOT,DK,1995,12.0
BUS_TOT,EE,1995,
BUS_TOT,EL,1995,30.7
BUS_TOT,ES,1995,13
BUS_TOT,EU27_2020,1995,
BUS_TOT,EU28,1995,
BUS_TOT,FI,1995,13.1
BUS_TOT,FR,1995,5.6
BUS_TOT,HR,1995,22.9
BUS_TOT,HU,1995,23.6
BUS_TOT,IE,1995,13.6
BUS_TOT,IS,1995,11.4
BUS_TOT,IT,1995,11.7
BUS_TOT,LT,1995,
BUS_TOT,LU,1995,9.8
BUS_TOT,LV,1995,21.5
BUS_TOT,ME,1995,
BUS_TOT,MK,1995,
BUS_TOT,MT,1995,19.4
BUS_TOT,NL,1995,
BUS_TOT,NO,1995,7.4
BUS_TOT,PL,1995,19.9
BUS_TOT,PT,1995,16.4
BUS_TOT,RO,1995,17.3
BUS_TOT,RS,1995,
BUS_TOT,SE,1995,9.3
BUS_TOT,SI,1995,19.5
BUS_TOT,SK,1995,45.1
BUS_TOT,TR,1995,59.4
BUS_TOT,UK,1995,6.5
CAR,AT,1995,78.8
CAR,BE,1995,82.9
CAR,BG,1995,59.6
CAR,CH,1995,83.1
CAR,CY,1995,77.3
CAR,CZ,1995,67.2
CAR,DE,1995,85.4
CAR,DK,1995,79.9
CAR,EE,1995,
CAR,EL,1995,66.9
CAR,ES,1995,82
CAR,EU27_2020,1995,
CAR,EU28,1995,
CAR,FI,1995,81.7
CAR,FR,1995,86.8
CAR,HR,1995,70.7
CAR,HU,1995,64.4
CAR,IE,1995,83
CAR,IS,1995,88.6
CAR,IT,1995,82.4
CAR,LT,1995,
CAR,LU,1995,85
CAR,LV,1995,67.3
CAR,ME,1995,
CAR,MK,1995,
CAR,MT,1995,80.6
CAR,NL,1995,
CAR,NO,1995,88.1
CAR,PL,1995,64.6
CAR,PT,1995,76.5
CAR,RO,1995,56.2
CAR,RS,1995,
CAR,SE,1995,84.1
CAR,SI,1995,77.6
CAR,SK,1995,44.5
CAR,TR,1995,36.5
CAR,UK,1995,89.2
TRN,AT,1995,12.2
TRN,BE,1995,5.8
TRN,BG,1995,11.2
TRN,CH,1995,13.2
TRN,CZ,1995,9.9
TRN,DE,1995,7.4
TRN,DK,1995,8.1
TRN,EE,1995,
TRN,EL,1995,2.4
TRN,ES,1995,5
TRN,EU27_2020,1995,
TRN,EU28,1995,
TRN,FI,1995,5.2
TRN,FR,1995,7.5
TRN,HR,1995,6.4
TRN,HU,1995,12
TRN,IE,1995,3.4
TRN,IT,1995,5.9
TRN,LT,1995,
TRN,LU,1995,5.2
TRN,LV,1995,11.3
TRN,ME,1995,
TRN,MK,1995,
TRN,NL,1995,
TRN,NO,1995,4.5
TRN,PL,1995,15.5
TRN,PT,1995,7.1
TRN,RO,1995,26.5
TRN,RS,1995,
TRN,SE,1995,6.6
TRN,SI,1995,2.8
TRN,SK,1995,10.4
TRN,TR,1995,4
TRN,UK,1995,4.4
TRN_BUS_TOT_AVD,AT,1995,21.2
TRN_BUS_TOT_AVD,BE,1995,17.1
TRN_BUS_TOT_AVD,BG,1995,40.4
TRN_BUS_TOT_AVD,CH,1995,16.9
TRN_BUS_TOT_AVD,CY,1995,22.7
TRN_BUS_TOT_AVD,CZ,1995,32.8
TRN_BUS_TOT_AVD,DE,1995,14.6
TRN_BUS_TOT_AVD,DK,1995,20.1
TRN_BUS_TOT_AVD,EE,1995,
TRN_BUS_TOT_AVD,EL,1995,33.1
TRN_BUS_TOT_AVD,ES,1995,18
TRN_BUS_TOT_AVD,EU27_2020,1995,
TRN_BUS_TOT_AVD,EU28,1995,
TRN_BUS_TOT_AVD,FI,1995,18.3
TRN_BUS_TOT_AVD,FR,1995,13.2
TRN_BUS_TOT_AVD,HR,1995,29.3
TRN_BUS_TOT_AVD,HU,1995,35.6
TRN_BUS_TOT_AVD,IE,1995,17
TRN_BUS_TOT_AVD,IS,1995,11.4
TRN_BUS_TOT_AVD,IT,1995,17.6
TRN_BUS_TOT_AVD,LT,1995,
TRN_BUS_TOT_AVD,LU,1995,15
TRN_BUS_TOT_AVD,LV,1995,32.7
TRN_BUS_TOT_AVD,ME,1995,
TRN_BUS_TOT_AVD,MK,1995,
TRN_BUS_TOT_AVD,MT,1995,19.4
TRN_BUS_TOT_AVD,NL,1995,
TRN_BUS_TOT_AVD,NO,1995,11.9
TRN_BUS_TOT_AVD,PL,1995,35.4
TRN_BUS_TOT_AVD,PT,1995,23.5
TRN_BUS_TOT_AVD,RO,1995,43.8
TRN_BUS_TOT_AVD,RS,1995,
TRN_BUS_TOT_AVD,SE,1995,15.9
TRN_BUS_TOT_AVD,SI,1995,22.4
TRN_BUS_TOT_AVD,SK,1995,55.5
TRN_BUS_TOT_AVD,TR,1995,63.5
TRN_BUS_TOT_AVD,UK,1995,10.8
BUS_TOT,AT,1994,8.8
BUS_TOT,BE,1994,11.8
BUS_TOT,BG,1994,
BUS_TOT,CH,1994,3.9
BUS_TOT,CY,1994,
BUS_TOT,CZ,1994,16.1
BUS_TOT,DE,1994,7.3
BUS_TOT,DK,1994,11.3
BUS_TOT,EE,1994,
BUS_TOT,EL,1994,31.1
BUS_TOT,ES,1994,13
BUS_TOT,EU27_2020,1994,
BUS_TOT,EU28,1994,
BUS_TOT,FI,1994,13.2
BUS_TOT,FR,1994,5.7
BUS_TOT,HR,1994,
BUS_TOT,HU,1994,23.5
BUS_TOT,IE,1994,13.6
BUS_TOT,IS,1994,
BUS_TOT,IT,1994,11.0
BUS_TOT,LT,1994,
BUS_TOT,LU,1994,9.8
BUS_TOT,LV,1994,
BUS_TOT,ME,1994,
BUS_TOT,MK,1994,
BUS_TOT,MT,1994,
BUS_TOT,NL,1994,
BUS_TOT,NO,1994,
BUS_TOT,PL,1994,20.9
BUS_TOT,PT,1994,17.9
BUS_TOT,RO,1994,
BUS_TOT,RS,1994,
BUS_TOT,SE,1994,9.3
BUS_TOT,SI,1994,20.4
BUS_TOT,SK,1994,39.8
BUS_TOT,TR,1994,60.3
BUS_TOT,UK,1994,6.6
CAR,AT,1994,79.4
CAR,BE,1994,82.6
CAR,BG,1994,
CAR,CH,1994,80.6
CAR,CY,1994,
CAR,CZ,1994,72.1
CAR,DE,1994,85.8
CAR,DK,1994,80.2
CAR,EE,1994,
CAR,EL,1994,66.7
CAR,ES,1994,81.9
CAR,EU27_2020,1994,
CAR,EU28,1994,
CAR,FI,1994,81.8
CAR,FR,1994,86.5
CAR,HR,1994,
CAR,HU,1994,64.3
CAR,IE,1994,83
CAR,IS,1994,
CAR,IT,1994,83.0
CAR,LT,1994,
CAR,LU,1994,84.9
CAR,LV,1994,
CAR,ME,1994,
CAR,MK,1994,
CAR,MT,1994,
CAR,NL,1994,
CAR,NO,1994,
CAR,PL,1994,62.3
CAR,PT,1994,74.3
CAR,RO,1994,
CAR,RS,1994,
CAR,SE,1994,84.4
CAR,SI,1994,76.6
CAR,SK,1994,47.7
CAR,TR,1994,34.8
CAR,UK,1994,89.2
TRN,AT,1994,11.8
TRN,BE,1994,5.6
TRN,BG,1994,
TRN,CH,1994,15.5
TRN,CZ,1994,11.8
TRN,DE,1994,6.9
TRN,DK,1994,8.5
TRN,EE,1994,
TRN,EL,1994,2.2
TRN,ES,1994,5.1
TRN,EU27_2020,1994,
TRN,EU28,1994,
TRN,FI,1994,5
TRN,FR,1994,7.8
TRN,HR,1994,
TRN,HU,1994,12.2
TRN,IE,1994,3.4
TRN,IT,1994,6
TRN,LT,1994,
TRN,LU,1994,5.3
TRN,LV,1994,
TRN,ME,1994,
TRN,MK,1994,
TRN,NL,1994,
TRN,NO,1994,
TRN,PL,1994,16.8
TRN,PT,1994,7.8
TRN,RO,1994,
TRN,RS,1994,
TRN,SE,1994,6.3
TRN,SI,1994,3
TRN,SK,1994,12.5
TRN,TR,1994,4.8
TRN,UK,1994,4.2
TRN_BUS_TOT_AVD,AT,1994,20.6
TRN_BUS_TOT_AVD,BE,1994,17.4
TRN_BUS_TOT_AVD,BG,1994,
TRN_BUS_TOT_AVD,CH,1994,19.4
TRN_BUS_TOT_AVD,CY,1994,
TRN_BUS_TOT_AVD,CZ,1994,27.9
TRN_BUS_TOT_AVD,DE,1994,14.2
TRN_BUS_TOT_AVD,DK,1994,19.8
TRN_BUS_TOT_AVD,EE,1994,
TRN_BUS_TOT_AVD,EL,1994,33.3
TRN_BUS_TOT_AVD,ES,1994,18.1
TRN_BUS_TOT_AVD,EU27_2020,1994,
TRN_BUS_TOT_AVD,EU28,1994,
TRN_BUS_TOT_AVD,FI,1994,18.2
TRN_BUS_TOT_AVD,FR,1994,13.5
TRN_BUS_TOT_AVD,HR,1994,
TRN_BUS_TOT_AVD,HU,1994,35.7
TRN_BUS_TOT_AVD,IE,1994,17
TRN_BUS_TOT_AVD,IS,1994,
TRN_BUS_TOT_AVD,IT,1994,17.0
TRN_BUS_TOT_AVD,LT,1994,
TRN_BUS_TOT_AVD,LU,1994,15.1
TRN_BUS_TOT_AVD,LV,1994,
TRN_BUS_TOT_AVD,ME,1994,
TRN_BUS_TOT_AVD,MK,1994,
TRN_BUS_TOT_AVD,MT,1994,
TRN_BUS_TOT_AVD,NL,1994,
TRN_BUS_TOT_AVD,NO,1994,
TRN_BUS_TOT_AVD,PL,1994,37.7
TRN_BUS_TOT_AVD,PT,1994,25.7
TRN_BUS_TOT_AVD,RO,1994,
TRN_BUS_TOT_AVD,RS,1994,
TRN_BUS_TOT_AVD,SE,1994,15.6
TRN_BUS_TOT_AVD,SI,1994,23.4
TRN_BUS_TOT_AVD,SK,1994,52.3
TRN_BUS_TOT_AVD,TR,1994,65.2
TRN_BUS_TOT_AVD,UK,1994,10.8
BUS_TOT,AT,1993,8.4
BUS_TOT,BE,1993,10.9
BUS_TOT,BG,1993,
BUS_TOT,CH,1993,3.9
BUS_TOT,CY,1993,
BUS_TOT,CZ,1993,19.1
BUS_TOT,DE,1993,8.1
BUS_TOT,DK,1993,11.2
BUS_TOT,EE,1993,
BUS_TOT,EL,1993,31.7
BUS_TOT,ES,1993,13.2
BUS_TOT,EU27_2020,1993,
BUS_TOT,EU28,1993,
BUS_TOT,FI,1993,13.2
BUS_TOT,FR,1993,5.8
BUS_TOT,HR,1993,
BUS_TOT,HU,1993,23.2
BUS_TOT,IE,1993,12.6
BUS_TOT,IS,1993,
BUS_TOT,IT,1993,11.2
BUS_TOT,LT,1993,
BUS_TOT,LU,1993,9.8
BUS_TOT,LV,1993,
BUS_TOT,ME,1993,
BUS_TOT,MK,1993,
BUS_TOT,MT,1993,
BUS_TOT,NL,1993,7.1
BUS_TOT,NO,1993,
BUS_TOT,PL,1993,23.2
BUS_TOT,PT,1993,19.3
BUS_TOT,RO,1993,
BUS_TOT,RS,1993,
BUS_TOT,SE,1993,9.3
BUS_TOT,SI,1993,21.1
BUS_TOT,SK,1993,41.4
BUS_TOT,TR,1993,64.0
BUS_TOT,UK,1993,6.6
CAR,AT,1993,79.2
CAR,BE,1993,83.3
CAR,BG,1993,
CAR,CH,1993,80.9
CAR,CY,1993,
CAR,CZ,1993,68.9
CAR,DE,1993,84.5
CAR,DK,1993,80.5
CAR,EE,1993,
CAR,EL,1993,65.4
CAR,ES,1993,81.4
CAR,EU27_2020,1993,
CAR,EU28,1993,
CAR,FI,1993,81.9
CAR,FR,1993,86.2
CAR,HR,1993,
CAR,HU,1993,64.5
CAR,IE,1993,83.8
CAR,IS,1993,
CAR,IT,1993,82.9
CAR,LT,1993,
CAR,LU,1993,85.2
CAR,LV,1993,
CAR,ME,1993,
CAR,MK,1993,
CAR,MT,1993,
CAR,NL,1993,83.8
CAR,NO,1993,
CAR,PL,1993,57.9
CAR,PT,1993,72.2
CAR,RO,1993,
CAR,RS,1993,
CAR,SE,1993,84.4
CAR,SI,1993,75.8
CAR,SK,1993,46.5
CAR,TR,1993,30.8
CAR,UK,1993,88.9
TRN,AT,1993,12.4
TRN,BE,1993,5.9
TRN,BG,1993,
TRN,CH,1993,15.2
TRN,CZ,1993,12
TRN,DE,1993,7.3
TRN,DK,1993,8.3
TRN,EE,1993,
TRN,EL,1993,2.9
TRN,ES,1993,5.4
TRN,EU27_2020,1993,
TRN,EU28,1993,
TRN,FI,1993,5
TRN,FR,1993,8
TRN,HR,1993,
TRN,HU,1993,12.4
TRN,IE,1993,3.6
TRN,IT,1993,5.9
TRN,LT,1993,
TRN,LU,1993,5
TRN,LV,1993,
TRN,ME,1993,
TRN,MK,1993,
TRN,NL,1993,9.1
TRN,NO,1993,
TRN,PL,1993,18.9
TRN,PT,1993,8.5
TRN,RO,1993,
TRN,RS,1993,
TRN,SE,1993,6.3
TRN,SI,1993,3.1
TRN,SK,1993,12.1
TRN,TR,1993,5.3
TRN,UK,1993,4.5
TRN_BUS_TOT_AVD,AT,1993,20.8
TRN_BUS_TOT_AVD,BE,1993,16.7
TRN_BUS_TOT_AVD,BG,1993,
TRN_BUS_TOT_AVD,CH,1993,19.1
TRN_BUS_TOT_AVD,CY,1993,
TRN_BUS_TOT_AVD,CZ,1993,31.1
TRN_BUS_TOT_AVD,DE,1993,15.5
TRN_BUS_TOT_AVD,DK,1993,19.5
TRN_BUS_TOT_AVD,EE,1993,
TRN_BUS_TOT_AVD,EL,1993,34.6
TRN_BUS_TOT_AVD,ES,1993,18.6
TRN_BUS_TOT_AVD,EU27_2020,1993,
TRN_BUS_TOT_AVD,EU28,1993,
TRN_BUS_TOT_AVD,FI,1993,18.1
TRN_BUS_TOT_AVD,FR,1993,13.8
TRN_BUS_TOT_AVD,HR,1993,
TRN_BUS_TOT_AVD,HU,1993,35.5
TRN_BUS_TOT_AVD,IE,1993,16.2
TRN_BUS_TOT_AVD,IS,1993,
TRN_BUS_TOT_AVD,IT,1993,17.1
TRN_BUS_TOT_AVD,LT,1993,
TRN_BUS_TOT_AVD,LU,1993,14.8
TRN_BUS_TOT_AVD,LV,1993,
TRN_BUS_TOT_AVD,ME,1993,
TRN_BUS_TOT_AVD,MK,1993,
TRN_BUS_TOT_AVD,MT,1993,
TRN_BUS_TOT_AVD,NL,1993,16.2
TRN_BUS_TOT_AVD,NO,1993,
TRN_BUS_TOT_AVD,PL,1993,42.1
TRN_BUS_TOT_AVD,PT,1993,27.8
TRN_BUS_TOT_AVD,RO,1993,
TRN_BUS_TOT_AVD,RS,1993,
TRN_BUS_TOT_AVD,SE,1993,15.6
TRN_BUS_TOT_AVD,SI,1993,24.2
TRN_BUS_TOT_AVD,SK,1993,53.5
TRN_BUS_TOT_AVD,TR,1993,69.2
TRN_BUS_TOT_AVD,UK,1993,11.1
BUS_TOT,AT,1992,8.2
BUS_TOT,BE,1992,10.7
BUS_TOT,BG,1992,
BUS_TOT,CH,1992,4.0
BUS_TOT,CY,1992,
BUS_TOT,CZ,1992,
BUS_TOT,DE,1992,8.3
BUS_TOT,DK,1992,11.1
BUS_TOT,EE,1992,
BUS_TOT,EL,1992,32.2
BUS_TOT,ES,1992,13.2
BUS_TOT,EU27_2020,1992,
BUS_TOT,EU28,1992,
BUS_TOT,FI,1992,13.0
BUS_TOT,FR,1992,5.8
BUS_TOT,HR,1992,
BUS_TOT,HU,1992,22.9
BUS_TOT,IE,1992,12.3
BUS_TOT,IS,1992,
BUS_TOT,IT,1992,11.6
BUS_TOT,LT,1992,
BUS_TOT,LU,1992,10.1
BUS_TOT,LV,1992,
BUS_TOT,ME,1992,
BUS_TOT,MK,1992,
BUS_TOT,MT,1992,
BUS_TOT,NL,1992,6.9
BUS_TOT,NO,1992,
BUS_TOT,PL,1992,24.4
BUS_TOT,PT,1992,22.7
BUS_TOT,RO,1992,
BUS_TOT,RS,1992,
BUS_TOT,SE,1992,9.4
BUS_TOT,SI,1992,23.0
BUS_TOT,SK,1992,
BUS_TOT,TR,1992,67.2
BUS_TOT,UK,1992,6.7
CAR,AT,1992,79.0
CAR,BE,1992,83.3
CAR,BG,1992,
CAR,CH,1992,81.4
CAR,CY,1992,
CAR,CZ,1992,
CAR,DE,1992,85.0
CAR,DK,1992,82.8
CAR,EE,1992,
CAR,EL,1992,64.3
CAR,ES,1992,80.8
CAR,EU27_2020,1992,
CAR,EU28,1992,
CAR,FI,1992,82.0
CAR,FR,1992,85.6
CAR,HR,1992,
CAR,HU,1992,63.9
CAR,IE,1992,84.2
CAR,IS,1992,
CAR,IT,1992,82.3
CAR,LT,1992,
CAR,LU,1992,84.9
CAR,LV,1992,
CAR,ME,1992,
CAR,MK,1992,
CAR,MT,1992,
CAR,NL,1992,83.8
CAR,NO,1992,
CAR,PL,1992,55.3
CAR,PT,1992,68.2
CAR,RO,1992,
CAR,RS,1992,
CAR,SE,1992,84.8
CAR,SI,1992,73.9
CAR,SK,1992,
CAR,TR,1992,28.1
CAR,UK,1992,88.5
TRN,AT,1992,12.8
TRN,BE,1992,6
TRN,BG,1992,
TRN,CH,1992,14.6
TRN,CZ,1992,
TRN,DE,1992,6.8
TRN,DK,1992,6.1
TRN,EE,1992,
TRN,EL,1992,3.5
TRN,ES,1992,6
TRN,EU27_2020,1992,
TRN,EU28,1992,
TRN,FI,1992,5
TRN,FR,1992,8.6
TRN,HR,1992,
TRN,HU,1992,13.2
TRN,IE,1992,3.5
TRN,IT,1992,6.1
TRN,LT,1992,
TRN,LU,1992,5
TRN,LV,1992,
TRN,ME,1992,
TRN,MK,1992,
TRN,NL,1992,9.3
TRN,NO,1992,
TRN,PL,1992,20.3
TRN,PT,1992,9
TRN,RO,1992,
TRN,RS,1992,
TRN,SE,1992,5.8
TRN,SI,1992,3
TRN,SK,1992,
TRN,TR,1992,4.8
TRN,UK,1992,4.8
TRN_BUS_TOT_AVD,AT,1992,21.0
TRN_BUS_TOT_AVD,BE,1992,16.7
TRN_BUS_TOT_AVD,BG,1992,
TRN_BUS_TOT_AVD,CH,1992,18.6
TRN_BUS_TOT_AVD,CY,1992,
TRN_BUS_TOT_AVD,CZ,1992,
TRN_BUS_TOT_AVD,DE,1992,15.0
TRN_BUS_TOT_AVD,DK,1992,17.2
TRN_BUS_TOT_AVD,EE,1992,
TRN_BUS_TOT_AVD,EL,1992,35.7
TRN_BUS_TOT_AVD,ES,1992,19.2
TRN_BUS_TOT_AVD,EU27_2020,1992,
TRN_BUS_TOT_AVD,EU28,1992,
TRN_BUS_TOT_AVD,FI,1992,18.0
TRN_BUS_TOT_AVD,FR,1992,14.4
TRN_BUS_TOT_AVD,HR,1992,
TRN_BUS_TOT_AVD,HU,1992,36.1
TRN_BUS_TOT_AVD,IE,1992,15.8
TRN_BUS_TOT_AVD,IS,1992,
TRN_BUS_TOT_AVD,IT,1992,17.7
TRN_BUS_TOT_AVD,LT,1992,
TRN_BUS_TOT_AVD,LU,1992,15.1
TRN_BUS_TOT_AVD,LV,1992,
TRN_BUS_TOT_AVD,ME,1992,
TRN_BUS_TOT_AVD,MK,1992,
TRN_BUS_TOT_AVD,MT,1992,
TRN_BUS_TOT_AVD,NL,1992,16.2
TRN_BUS_TOT_AVD,NO,1992,
TRN_BUS_TOT_AVD,PL,1992,44.7
TRN_BUS_TOT_AVD,PT,1992,31.8
TRN_BUS_TOT_AVD,RO,1992,
TRN_BUS_TOT_AVD,RS,1992,
TRN_BUS_TOT_AVD,SE,1992,15.2
TRN_BUS_TOT_AVD,SI,1992,26.1
TRN_BUS_TOT_AVD,SK,1992,
TRN_BUS_TOT_AVD,TR,1992,71.9
TRN_BUS_TOT_AVD,UK,1992,11.5
BUS_TOT,AT,1991,8.1
BUS_TOT,BE,1991,10.7
BUS_TOT,BG,1991,
BUS_TOT,CH,1991,3.9
BUS_TOT,CY,1991,
BUS_TOT,CZ,1991,
BUS_TOT,DE,1991,8.5
BUS_TOT,DK,1991,11.1
BUS_TOT,EE,1991,
BUS_TOT,EL,1991,31.8
BUS_TOT,ES,1991,13.7
BUS_TOT,EU27_2020,1991,
BUS_TOT,EU28,1991,
BUS_TOT,FI,1991,13.1
BUS_TOT,FR,1991,6.1
BUS_TOT,HR,1991,
BUS_TOT,HU,1991,23.4
BUS_TOT,IE,1991,11.9
BUS_TOT,IS,1991,
BUS_TOT,IT,1991,12.7
BUS_TOT,LT,1991,
BUS_TOT,LU,1991,10.1
BUS_TOT,LV,1991,
BUS_TOT,ME,1991,
BUS_TOT,MK,1991,
BUS_TOT,MT,1991,
BUS_TOT,NL,1991,
BUS_TOT,NO,1991,
BUS_TOT,PL,1991,25.6
BUS_TOT,PT,1991,
BUS_TOT,RO,1991,
BUS_TOT,RS,1991,
BUS_TOT,SE,1991,9.5
BUS_TOT,SI,1991,29.3
BUS_TOT,SK,1991,
BUS_TOT,TR,1991,
BUS_TOT,UK,1991,6.8
CAR,AT,1991,79.2
CAR,BE,1991,83.3
CAR,BG,1991,
CAR,CH,1991,81.1
CAR,CY,1991,
CAR,CZ,1991,
CAR,DE,1991,84.6
CAR,DK,1991,82.9
CAR,EE,1991,
CAR,EL,1991,64.6
CAR,ES,1991,80.4
CAR,EU27_2020,1991,
CAR,EU28,1991,
CAR,FI,1991,81.7
CAR,FR,1991,85.1
CAR,HR,1991,
CAR,HU,1991,63.2
CAR,IE,1991,84.3
CAR,IS,1991,
CAR,IT,1991,80.6
CAR,LT,1991,
CAR,LU,1991,85.4
CAR,LV,1991,
CAR,ME,1991,
CAR,MK,1991,
CAR,MT,1991,
CAR,NL,1991,
CAR,NO,1991,
CAR,PL,1991,49.8
CAR,PT,1991,
CAR,RO,1991,
CAR,RS,1991,
CAR,SE,1991,84.7
CAR,SI,1991,66.4
CAR,SK,1991,
CAR,TR,1991,
CAR,UK,1991,88.2
TRN,AT,1991,12.7
TRN,BE,1991,6.1
TRN,BG,1991,
TRN,CH,1991,15
TRN,CZ,1991,
TRN,DE,1991,6.9
TRN,DK,1991,6
TRN,EE,1991,
TRN,EL,1991,3.6
TRN,ES,1991,5.8
TRN,EU27_2020,1991,
TRN,EU28,1991,
TRN,FI,1991,5.2
TRN,FR,1991,8.8
TRN,HR,1991,
TRN,HU,1991,13.3
TRN,IE,1991,3.7
TRN,IT,1991,6.7
TRN,LT,1991,
TRN,LU,1991,4.5
TRN,LV,1991,
TRN,ME,1991,
TRN,MK,1991,
TRN,NL,1991,
TRN,NO,1991,
TRN,PL,1991,24.6
TRN,PT,1991,
TRN,RO,1991,
TRN,RS,1991,
TRN,SE,1991,5.9
TRN,SI,1991,4.3
TRN,SK,1991,
TRN,TR,1991,
TRN,UK,1991,5
TRN_BUS_TOT_AVD,AT,1991,20.8
TRN_BUS_TOT_AVD,BE,1991,16.7
TRN_BUS_TOT_AVD,BG,1991,
TRN_BUS_TOT_AVD,CH,1991,18.9
TRN_BUS_TOT_AVD,CY,1991,
TRN_BUS_TOT_AVD,CZ,1991,
TRN_BUS_TOT_AVD,DE,1991,15.4
TRN_BUS_TOT_AVD,DK,1991,17.1
TRN_BUS_TOT_AVD,EE,1991,
TRN_BUS_TOT_AVD,EL,1991,35.4
TRN_BUS_TOT_AVD,ES,1991,19.6
TRN_BUS_TOT_AVD,EU27_2020,1991,
TRN_BUS_TOT_AVD,EU28,1991,
TRN_BUS_TOT_AVD,FI,1991,18.3
TRN_BUS_TOT_AVD,FR,1991,14.9
TRN_BUS_TOT_AVD,HR,1991,
TRN_BUS_TOT_AVD,HU,1991,36.8
TRN_BUS_TOT_AVD,IE,1991,15.7
TRN_BUS_TOT_AVD,IS,1991,
TRN_BUS_TOT_AVD,IT,1991,19.4
TRN_BUS_TOT_AVD,LT,1991,
TRN_BUS_TOT_AVD,LU,1991,14.6
TRN_BUS_TOT_AVD,LV,1991,
TRN_BUS_TOT_AVD,ME,1991,
TRN_BUS_TOT_AVD,MK,1991,
TRN_BUS_TOT_AVD,MT,1991,
TRN_BUS_TOT_AVD,NL,1991,
TRN_BUS_TOT_AVD,NO,1991,
TRN_BUS_TOT_AVD,PL,1991,50.2
TRN_BUS_TOT_AVD,PT,1991,
TRN_BUS_TOT_AVD,RO,1991,
TRN_BUS_TOT_AVD,RS,1991,
TRN_BUS_TOT_AVD,SE,1991,15.3
TRN_BUS_TOT_AVD,SI,1991,33.6
TRN_BUS_TOT_AVD,SK,1991,
TRN_BUS_TOT_AVD,TR,1991,
TRN_BUS_TOT_AVD,UK,1991,11.8
BUS_TOT,AT,1990,8.2
BUS_TOT,BE,1990,10.6
BUS_TOT,BG,1990,
BUS_TOT,CH,1990,3.7
BUS_TOT,CY,1990,
BUS_TOT,CZ,1990,
BUS_TOT,DE,1990,9.1
BUS_TOT,DK,1990,11.3
BUS_TOT,EE,1990,
BUS_TOT,EL,1990,32.4
BUS_TOT,ES,1990,14.9
BUS_TOT,EU27_2020,1990,
BUS_TOT,EU28,1990,
BUS_TOT,FI,1990,13.5
BUS_TOT,FR,1990,6.0
BUS_TOT,HR,1990,
BUS_TOT,HU,1990,24.8
BUS_TOT,IE,1990,11.5
BUS_TOT,IS,1990,
BUS_TOT,IT,1990,12.9
BUS_TOT,LT,1990,
BUS_TOT,LU,1990,10.2
BUS_TOT,LV,1990,
BUS_TOT,ME,1990,
BUS_TOT,MK,1990,
BUS_TOT,MT,1990,
BUS_TOT,NL,1990,
BUS_TOT,NO,1990,7.9
BUS_TOT,PL,1990,28.1
BUS_TOT,PT,1990,
BUS_TOT,RO,1990,
BUS_TOT,RS,1990,
BUS_TOT,SE,1990,9.5
BUS_TOT,SI,1990,30.6
BUS_TOT,SK,1990,
BUS_TOT,TR,1990,67.4
BUS_TOT,UK,1990,7
CAR,AT,1990,79.6
CAR,BE,1990,83.3
CAR,BG,1990,
CAR,CH,1990,82.1
CAR,CY,1990,
CAR,CZ,1990,
CAR,DE,1990,85.4
CAR,DK,1990,82.4
CAR,EE,1990,
CAR,EL,1990,64
CAR,ES,1990,78.1
CAR,EU27_2020,1990,
CAR,EU28,1990,
CAR,FI,1990,81.2
CAR,FR,1990,84.8
CAR,HR,1990,
CAR,HU,1990,60.5
CAR,IE,1990,84.9
CAR,IS,1990,
CAR,IT,1990,80.2
CAR,LT,1990,
CAR,LU,1990,85.3
CAR,LV,1990,
CAR,ME,1990,
CAR,MK,1990,
CAR,MT,1990,
CAR,NL,1990,
CAR,NO,1990,88.1
CAR,PL,1990,41.3
CAR,PT,1990,
CAR,RO,1990,
CAR,RS,1990,
CAR,SE,1990,84.1
CAR,SI,1990,62.7
CAR,SK,1990,
CAR,TR,1990,27.5
CAR,UK,1990,88
TRN,AT,1990,12.3
TRN,BE,1990,6.1
TRN,BG,1990,
TRN,CH,1990,14.2
TRN,CZ,1990,
TRN,DE,1990,5.4
TRN,DK,1990,6.3
TRN,EE,1990,
TRN,EL,1990,3.6
TRN,ES,1990,6.9
TRN,EU27_2020,1990,
TRN,EU28,1990,
TRN,FI,1990,5.3
TRN,FR,1990,9.3
TRN,HR,1990,
TRN,HU,1990,14.7
TRN,IE,1990,3.6
TRN,IT,1990,6.9
TRN,LT,1990,
TRN,LU,1990,4.4
TRN,LV,1990,
TRN,ME,1990,
TRN,MK,1990,
TRN,NL,1990,
TRN,NO,1990,4.1
TRN,PL,1990,30.6
TRN,PT,1990,
TRN,RO,1990,
TRN,RS,1990,
TRN,SE,1990,6.5
TRN,SI,1990,6.7
TRN,SK,1990,
TRN,TR,1990,5.1
TRN,UK,1990,5
TRN_BUS_TOT_AVD,AT,1990,20.4
TRN_BUS_TOT_AVD,BE,1990,16.7
TRN_BUS_TOT_AVD,BG,1990,
TRN_BUS_TOT_AVD,CH,1990,17.9
TRN_BUS_TOT_AVD,CY,1990,
TRN_BUS_TOT_AVD,CZ,1990,
TRN_BUS_TOT_AVD,DE,1990,14.6
TRN_BUS_TOT_AVD,DK,1990,17.6
TRN_BUS_TOT_AVD,EE,1990,
TRN_BUS_TOT_AVD,EL,1990,36
TRN_BUS_TOT_AVD,ES,1990,21.9
TRN_BUS_TOT_AVD,EU27_2020,1990,
TRN_BUS_TOT_AVD,EU28,1990,
TRN_BUS_TOT_AVD,FI,1990,18.8
TRN_BUS_TOT_AVD,FR,1990,15.2
TRN_BUS_TOT_AVD,HR,1990,
TRN_BUS_TOT_AVD,HU,1990,39.5
TRN_BUS_TOT_AVD,IE,1990,15.1
TRN_BUS_TOT_AVD,IS,1990,
TRN_BUS_TOT_AVD,IT,1990,19.8
TRN_BUS_TOT_AVD,LT,1990,
TRN_BUS_TOT_AVD,LU,1990,14.7
TRN_BUS_TOT_AVD,LV,1990,
TRN_BUS_TOT_AVD,ME,1990,
TRN_BUS_TOT_AVD,MK,1990,
TRN_BUS_TOT_AVD,MT,1990,
TRN_BUS_TOT_AVD,NL,1990,
TRN_BUS_TOT_AVD,NO,1990,11.9
TRN_BUS_TOT_AVD,PL,1990,58.7
TRN_BUS_TOT_AVD,PT,1990,
TRN_BUS_TOT_AVD,RO,1990,
TRN_BUS_TOT_AVD,RS,1990,
TRN_BUS_TOT_AVD,SE,1990,15.9
TRN_BUS_TOT_AVD,SI,1990,37.3
TRN_BUS_TOT_AVD,SK,1990,
TRN_BUS_TOT_AVD,TR,1990,72.5
TRN_BUS_TOT_AVD,UK,1990,12
